gbifID	datasetKey	occurrenceID	kingdom	phylum	class	order	family	genus	species	infraspecificEpithet	taxonRank	scientificName	verbatimScientificName	verbatimScientificNameAuthorship	countryCode	locality	stateProvince	occurrenceStatus	individualCount	publishingOrgKey	decimalLatitude	decimalLongitude	coordinateUncertaintyInMeters	coordinatePrecision	elevation	elevationAccuracy	depth	depthAccuracy	eventDate	day	month	year	taxonKey	speciesKey	basisOfRecord	institutionCode	collectionCode	catalogNumber	recordNumber	identifiedBy	dateIdentified	license	rightsHolder	recordedBy	typeStatus	establishmentMeans	lastInterpreted	mediaType	issue
6353392497	50c9509d-22c7-4a22-a47d-8c48425ef4a7	https://www.inaturalist.org/observations/185532421	Plantae	Tracheophyta	Magnoliopsida	Asterales	Asteraceae	Helianthus	Helianthus annuus		SPECIES	Helianthus annuus L.	Helianthus annuus		IN		Maharashtra	PRESENT		28eb1a3f-1c15-4a95-931a-4af90ecb574d	17.700668	74.551627	207.0						2015-01-18T11:31	18	1	2015	3K5TS	3K5TS	HUMAN_OBSERVATION	iNaturalist	Observations	185532421		Rujuta Vinod	2023-09-30T06:44:20	CC_BY_NC_4_0	Rujuta Vinod	Rujuta Vinod			2026-06-23T18:46:49.747Z	StillImage	COORDINATE_ROUNDED;CONTINENT_DERIVED_FROM_COORDINATES;TAXON_ID_NOT_FOUND
6352357918	50c9509d-22c7-4a22-a47d-8c48425ef4a7	https://www.inaturalist.org/observations/185850839	Plantae	Tracheophyta	Magnoliopsida	Asterales	Asteraceae	Helianthus	Helianthus annuus		SPECIES	Helianthus annuus L.	Helianthus annuus		IN		Kerala	PRESENT		28eb1a3f-1c15-4a95-931a-4af90ecb574d	11.671173	75.951329	15.0						2017-10-19T10:49	19	10	2017	3K5TS	3K5TS	HUMAN_OBSERVATION	iNaturalist	Observations	185850839		Lakshmi	2023-10-02T02:47:24	CC_BY_NC_4_0	Lakshmi	Lakshmi			2026-06-23T19:04:48.773Z	StillImage	COORDINATE_ROUNDED;CONTINENT_DERIVED_FROM_COORDINATES;TAXON_ID_NOT_FOUND
6352344741	50c9509d-22c7-4a22-a47d-8c48425ef4a7	https://www.inaturalist.org/observations/118620263	Plantae	Tracheophyta	Magnoliopsida	Asterales	Asteraceae	Helianthus	Helianthus annuus		SPECIES	Helianthus annuus L.	Helianthus annuus		IN		West Bengal	PRESENT		28eb1a3f-1c15-4a95-931a-4af90ecb574d	22.914383	88.387797	4.0						2018-05-14T11:43:45	14	5	2018	3K5TS	3K5TS	HUMAN_OBSERVATION	iNaturalist	Observations	118620263		Arunima Sengupta	2022-05-25T07:40:20	CC_BY_NC_4_0	Arunima Sengupta	Arunima Sengupta			2026-06-23T18:59:17.129Z	StillImage	COORDINATE_ROUNDED;CONTINENT_DERIVED_FROM_COORDINATES;TAXON_ID_NOT_FOUND
6352334675	50c9509d-22c7-4a22-a47d-8c48425ef4a7	https://www.inaturalist.org/observations/349466020	Plantae	Tracheophyta	Magnoliopsida	Asterales	Asteraceae	Helianthus	Helianthus annuus		SPECIES	Helianthus annuus L.	Helianthus annuus		IN		Haryana	PRESENT		28eb1a3f-1c15-4a95-931a-4af90ecb574d	28.435683	77.104539	6.0						2018-12-29T14:12:39	29	12	2018	3K5TS	3K5TS	HUMAN_OBSERVATION	iNaturalist	Observations	349466020		joecolat	2026-04-13T06:58:31	CC_BY_NC_4_0	joecolat	joecolat			2026-06-23T18:39:08.507Z	StillImage	COORDINATE_ROUNDED;CONTINENT_DERIVED_FROM_COORDINATES;TAXON_ID_NOT_FOUND
6235487520	50c9509d-22c7-4a22-a47d-8c48425ef4a7	https://www.inaturalist.org/observations/347792878	Plantae	Tracheophyta	Magnoliopsida	Asterales	Asteraceae	Helianthus	Helianthus annuus		SPECIES	Helianthus annuus L.	Helianthus annuus		IN		Himachal Pradesh	PRESENT		28eb1a3f-1c15-4a95-931a-4af90ecb574d	31.781558	76.996417							2023-08-08T15:56:39	8	8	2023	3K5TS	3K5TS	HUMAN_OBSERVATION	iNaturalist	Observations	347792878		lohithm	2026-04-08T04:27:02	CC_BY_NC_4_0	Cinder P.	Cinder P.			2026-06-23T18:31:03.349Z	StillImage	COORDINATE_ROUNDED;CONTINENT_DERIVED_FROM_COORDINATES;TAXON_ID_NOT_FOUND
6179303079	50c9509d-22c7-4a22-a47d-8c48425ef4a7	https://www.inaturalist.org/observations/315224549	Plantae	Tracheophyta	Magnoliopsida	Asterales	Asteraceae	Helianthus	Helianthus annuus		SPECIES	Helianthus annuus L.	Helianthus annuus		IN		Karnataka	PRESENT		28eb1a3f-1c15-4a95-931a-4af90ecb574d	11.808345	76.692726	1988.0						2023-04-29T09:52	29	4	2023	3K5TS	3K5TS	HUMAN_OBSERVATION	iNaturalist	Observations	315224549		Niranjana Thaikkad	2025-09-20T12:47:10	CC_BY_NC_4_0	Niranjana Thaikkad	Niranjana Thaikkad			2026-06-23T18:52:44.949Z	StillImage	COORDINATE_ROUNDED;CONTINENT_DERIVED_FROM_COORDINATES;TAXON_ID_NOT_FOUND
6171216726	50c9509d-22c7-4a22-a47d-8c48425ef4a7	https://www.inaturalist.org/observations/329587779	Plantae	Tracheophyta	Magnoliopsida	Asterales	Asteraceae	Helianthus	Helianthus annuus		SPECIES	Helianthus annuus L.	Helianthus annuus		IN		Uttar Pradesh	PRESENT		28eb1a3f-1c15-4a95-931a-4af90ecb574d	25.413314	81.846528	244.0						2024-02-29T09:48:14	29	2	2024	3K5TS	3K5TS	HUMAN_OBSERVATION	iNaturalist	Observations	329587779		Bipasha David	2025-12-05T17:57:19	CC_BY_NC_4_0	Bipasha David	Bipasha David			2026-06-23T18:41:12.966Z	StillImage	COORDINATE_ROUNDED;CONTINENT_DERIVED_FROM_COORDINATES;TAXON_ID_NOT_FOUND
615331312	82a53efc-f762-11e1-a439-00145eb45e9a		Plantae	Tracheophyta	Magnoliopsida	Asterales	Asteraceae	Helianthus	Helianthus annuus		SPECIES	Helianthus annuus L.	Helianthus annuus Linnaeus 1753		IN	Kuru village; Zanskar/State of Jammu and Kashmīr		PRESENT		dc3f994e-bd32-4714-8d88-6fb895fb48cc	33.14	77.2	10000.0		4120.0				1998-09-10	10	9	1998	3K5TS	3K5TS	LIVING_SPECIMEN	GMBA	The Himalayan Uplands Plant database (HUP Version 1)	GMBA-HUP-109264				CC_BY_NC_4_0		(L.Klimes)			2026-06-11T20:32:50.627Z		GEODETIC_DATUM_ASSUMED_WGS84;CONTINENT_DERIVED_FROM_COORDINATES;INSTITUTION_MATCH_NONE
615331300	82a53efc-f762-11e1-a439-00145eb45e9a		Plantae	Tracheophyta	Magnoliopsida	Asterales	Asteraceae	Helianthus	Helianthus annuus		SPECIES	Helianthus annuus L.	Helianthus annuus Linnaeus 1753		IN	Hanu-Thang village; Leh, Indus Vy: Domkhar - Dha/State of Jammu and Kashmīr		PRESENT		dc3f994e-bd32-4714-8d88-6fb895fb48cc	34.56	76.6	10000.0		2800.0				2002-08-31	31	8	2002	3K5TS	3K5TS	LIVING_SPECIMEN	GMBA	The Himalayan Uplands Plant database (HUP Version 1)	GMBA-HUP-171410				CC_BY_NC_4_0		(L.Klimes)			2026-06-11T20:32:50.718Z		GEODETIC_DATUM_ASSUMED_WGS84;CONTINENT_DERIVED_FROM_COORDINATES;INSTITUTION_MATCH_NONE
615331299	82a53efc-f762-11e1-a439-00145eb45e9a		Plantae	Tracheophyta	Magnoliopsida	Asterales	Asteraceae	Helianthus	Helianthus annuus		SPECIES	Helianthus annuus L.	Helianthus annuus Linnaeus 1753		IN	Skurbuchan; Leh, Indus Vy: Domkhar - Dha/State of Jammu and Kashmīr		PRESENT		dc3f994e-bd32-4714-8d88-6fb895fb48cc	34.48	76.67	10000.0		2920.0				2002-08-29	29	8	2002	3K5TS	3K5TS	LIVING_SPECIMEN	GMBA	The Himalayan Uplands Plant database (HUP Version 1)	GMBA-HUP-171409				CC_BY_NC_4_0		(L.Klimes)			2026-06-11T20:32:50.717Z		GEODETIC_DATUM_ASSUMED_WGS84;CONTINENT_DERIVED_FROM_COORDINATES;INSTITUTION_MATCH_NONE
5909300810	50c9509d-22c7-4a22-a47d-8c48425ef4a7	https://www.inaturalist.org/observations/318610444	Plantae	Tracheophyta	Magnoliopsida	Asterales	Asteraceae	Helianthus	Helianthus annuus		SPECIES	Helianthus annuus L.	Helianthus annuus		IN		Maharashtra	PRESENT		28eb1a3f-1c15-4a95-931a-4af90ecb574d	20.007739	73.689562	3.0						2025-04-27T06:46:37	27	4	2025	3K5TS	3K5TS	HUMAN_OBSERVATION	iNaturalist	Observations	318610444		Prashant	2025-10-04T12:37:02	CC_BY_NC_4_0	Prashant	Prashant			2026-06-23T18:52:22.034Z	StillImage	COORDINATE_ROUNDED;CONTINENT_DERIVED_FROM_COORDINATES;TAXON_ID_NOT_FOUND
5844369788	50c9509d-22c7-4a22-a47d-8c48425ef4a7	https://www.inaturalist.org/observations/319480474	Plantae	Tracheophyta	Magnoliopsida	Asterales	Asteraceae	Helianthus	Helianthus annuus		SPECIES	Helianthus annuus L.	Helianthus annuus		IN		Himachal Pradesh	PRESENT		28eb1a3f-1c15-4a95-931a-4af90ecb574d	32.106461	76.572722							2025-10-08T07:25:28	8	10	2025	3K5TS	3K5TS	HUMAN_OBSERVATION	iNaturalist	Observations	319480474		Subasree	2025-10-08T02:02:49	CC_BY_NC_4_0	Subasree	Subasree			2026-06-23T18:48:17.327Z	StillImage	COORDINATE_ROUNDED;CONTINENT_DERIVED_FROM_COORDINATES;TAXON_ID_NOT_FOUND
5840021944	50c9509d-22c7-4a22-a47d-8c48425ef4a7	https://www.inaturalist.org/observations/314942576	Plantae	Tracheophyta	Magnoliopsida	Asterales	Asteraceae	Helianthus	Helianthus annuus		SPECIES	Helianthus annuus L.	Helianthus annuus		IN		Madhya Pradesh	PRESENT		28eb1a3f-1c15-4a95-931a-4af90ecb574d	21.288986	76.609728							2025-09-18T08:18:47	18	9	2025	3K5TS	3K5TS	HUMAN_OBSERVATION	iNaturalist	Observations	314942576		Vivek Patel	2025-09-19T04:23:57	CC_BY_NC_4_0	Vivek Patel	Vivek Patel			2026-06-23T18:38:00.749Z	StillImage	COORDINATE_ROUNDED;CONTINENT_DERIVED_FROM_COORDINATES;TAXON_ID_NOT_FOUND
5828376419	50c9509d-22c7-4a22-a47d-8c48425ef4a7	https://www.inaturalist.org/observations/307728511	Plantae	Tracheophyta	Magnoliopsida	Asterales	Asteraceae	Helianthus	Helianthus annuus		SPECIES	Helianthus annuus L.	Helianthus annuus		IN		Madhya Pradesh	PRESENT		28eb1a3f-1c15-4a95-931a-4af90ecb574d	21.278264	76.617256							2025-08-18T16:08	18	8	2025	3K5TS	3K5TS	HUMAN_OBSERVATION	iNaturalist	Observations	307728511		Vivek Patel	2025-08-20T12:55:39	CC_BY_NC_4_0	Vivek Patel	Vivek Patel			2026-06-23T18:45:21.953Z	StillImage	COORDINATE_ROUNDED;CONTINENT_DERIVED_FROM_COORDINATES;TAXON_ID_NOT_FOUND
5760905927	50c9509d-22c7-4a22-a47d-8c48425ef4a7	https://www.inaturalist.org/observations/307873956	Plantae	Tracheophyta	Magnoliopsida	Asterales	Asteraceae	Helianthus	Helianthus annuus		SPECIES	Helianthus annuus L.	Helianthus annuus		IN		Maharashtra	PRESENT		28eb1a3f-1c15-4a95-931a-4af90ecb574d	18.276822	74.060525							2025-08-21T07:20:17	21	8	2025	3K5TS	3K5TS	HUMAN_OBSERVATION	iNaturalist	Observations	307873956		Arpit_nature	2025-08-21T01:50:55	CC_BY_NC_4_0	Arpit_nature	Arpit_nature			2026-06-23T19:03:30.502Z	StillImage	COORDINATE_ROUNDED;CONTINENT_DERIVED_FROM_COORDINATES;TAXON_ID_NOT_FOUND
5230355296	50c9509d-22c7-4a22-a47d-8c48425ef4a7	https://www.inaturalist.org/observations/298344902	Plantae	Tracheophyta	Magnoliopsida	Asterales	Asteraceae	Helianthus	Helianthus annuus		SPECIES	Helianthus annuus L.	Helianthus annuus		IN		NCT of Delhi	PRESENT		28eb1a3f-1c15-4a95-931a-4af90ecb574d	28.635002	77.26399	5.0						2025-07-16T09:48:03	16	7	2025	3K5TS	3K5TS	HUMAN_OBSERVATION	iNaturalist	Observations	298344902		Sohail Madan	2025-07-16T08:48:59	CC_BY_NC_4_0	Sohail Madan	Sohail Madan			2026-06-23T18:51:51.523Z	StillImage	COORDINATE_ROUNDED;CONTINENT_DERIVED_FROM_COORDINATES;TAXON_ID_NOT_FOUND
5216850519	50c9509d-22c7-4a22-a47d-8c48425ef4a7	https://www.inaturalist.org/observations/294891760	Plantae	Tracheophyta	Magnoliopsida	Asterales	Asteraceae	Helianthus	Helianthus annuus		SPECIES	Helianthus annuus L.	Helianthus annuus		IN		Kerala	PRESENT		28eb1a3f-1c15-4a95-931a-4af90ecb574d	11.973076	75.30213	210.0						2025-03-08T08:31:31	8	3	2025	3K5TS	3K5TS	HUMAN_OBSERVATION	iNaturalist	Observations	294891760		Afsar Nayakkan	2025-07-03T17:14:59	CC_BY_4_0	Afsar Nayakkan	Afsar Nayakkan			2026-06-23T18:28:35.617Z	StillImage	COORDINATE_ROUNDED;CONTINENT_DERIVED_FROM_COORDINATES;TAXON_ID_NOT_FOUND
5216148447	50c9509d-22c7-4a22-a47d-8c48425ef4a7	https://www.inaturalist.org/observations/294892444	Plantae	Tracheophyta	Magnoliopsida	Asterales	Asteraceae	Helianthus	Helianthus annuus		SPECIES	Helianthus annuus L.	Helianthus annuus		IN		Kerala	PRESENT		28eb1a3f-1c15-4a95-931a-4af90ecb574d	11.974688	75.300187	210.0						2025-03-08T08:34:42	8	3	2025	3K5TS	3K5TS	HUMAN_OBSERVATION	iNaturalist	Observations	294892444		Afsar Nayakkan	2025-07-03T17:17:11	CC_BY_4_0	Afsar Nayakkan	Afsar Nayakkan			2026-06-23T18:57:59.325Z	StillImage	COORDINATE_ROUNDED;CONTINENT_DERIVED_FROM_COORDINATES;TAXON_ID_NOT_FOUND
5198934217	50c9509d-22c7-4a22-a47d-8c48425ef4a7	https://www.inaturalist.org/observations/289471723	Plantae	Tracheophyta	Magnoliopsida	Asterales	Asteraceae	Helianthus	Helianthus annuus		SPECIES	Helianthus annuus L.	Helianthus annuus		IN		Rajasthan	PRESENT		28eb1a3f-1c15-4a95-931a-4af90ecb574d	26.334825	73.025964	7.0						2025-03-31T16:05:32	31	3	2025	3K5TS	3K5TS	HUMAN_OBSERVATION	iNaturalist	Observations	289471723		Aditya	2025-06-14T09:18:42	CC_BY_NC_4_0	Aditya	Aditya			2026-06-23T18:51:41.971Z	StillImage	COORDINATE_ROUNDED;CONTINENT_DERIVED_FROM_COORDINATES;TAXON_ID_NOT_FOUND
5188302499	50c9509d-22c7-4a22-a47d-8c48425ef4a7	https://www.inaturalist.org/observations/287523738	Plantae	Tracheophyta	Magnoliopsida	Asterales	Asteraceae	Helianthus	Helianthus annuus		SPECIES	Helianthus annuus L.	Helianthus annuus		IN		West Bengal	PRESENT		28eb1a3f-1c15-4a95-931a-4af90ecb574d	22.608437	88.46558	4.0						2025-06-07T15:12:33	7	6	2025	3K5TS	3K5TS	HUMAN_OBSERVATION	iNaturalist	Observations	287523738		Soumyojit Talukder	2025-06-07T09:43:41	CC_BY_NC_4_0	Soumyojit Talukder	Soumyojit Talukder			2026-06-23T18:39:48.254Z	StillImage	COORDINATE_ROUNDED;CONTINENT_DERIVED_FROM_COORDINATES;TAXON_ID_NOT_FOUND
5141085436	50c9509d-22c7-4a22-a47d-8c48425ef4a7	https://www.inaturalist.org/observations/276456927	Plantae	Tracheophyta	Magnoliopsida	Asterales	Asteraceae	Helianthus	Helianthus annuus		SPECIES	Helianthus annuus L.	Helianthus annuus		IN		Maharashtra	PRESENT		28eb1a3f-1c15-4a95-931a-4af90ecb574d	20.013551	73.669249	807.0						2025-04-26T11:22	26	4	2025	3K5TS	3K5TS	HUMAN_OBSERVATION	iNaturalist	Observations	276456927		Satish Gogate	2025-04-29T05:54:10	CC_BY_NC_4_0	Satish Gogate	Satish Gogate			2026-06-23T18:44:36.531Z	StillImage	COORDINATE_ROUNDED;CONTINENT_DERIVED_FROM_COORDINATES;TAXON_ID_NOT_FOUND
5140922654	50c9509d-22c7-4a22-a47d-8c48425ef4a7	https://www.inaturalist.org/observations/275443598	Plantae	Tracheophyta	Magnoliopsida	Asterales	Asteraceae	Helianthus	Helianthus annuus		SPECIES	Helianthus annuus L.	Helianthus annuus		IN		Madhya Pradesh	PRESENT		28eb1a3f-1c15-4a95-931a-4af90ecb574d	23.148128	79.876793	204.0						2025-04-28T13:08	28	4	2025	3K5TS	3K5TS	HUMAN_OBSERVATION	iNaturalist	Observations	275443598		Dr.JITENDRA KUMAR JHARIYA	2025-04-28T08:27:17	CC_BY_NC_4_0	Ayush Sahare	Ayush Sahare			2026-06-23T18:27:17.043Z	StillImage	COORDINATE_ROUNDED;CONTINENT_DERIVED_FROM_COORDINATES;TAXON_ID_NOT_FOUND
5110292368	7a3679ef-5582-4aaa-81f0-8c2545cafc81	o-1023032795	Plantae	Tracheophyta	Magnoliopsida	Asterales	Asteraceae	Helianthus	Helianthus annuus		SPECIES	Helianthus annuus L.	Helianthus annuus L.	L.	IN			PRESENT	1	da86174a-a605-43a4-a5e8-53d484152cd3	32.499589	75.241856	6.0		349.0	0.0			2024-06-15T15:37:44.047Z	15	6	2024	3K5TS	3K5TS	HUMAN_OBSERVATION							CC_BY_4_0					2026-06-11T19:38:10.509Z	StillImage	COORDINATE_ROUNDED;COUNTRY_DERIVED_FROM_COORDINATES;CONTINENT_DERIVED_FROM_COORDINATES
5109296143	7a3679ef-5582-4aaa-81f0-8c2545cafc81	o-1014091970	Plantae	Tracheophyta	Magnoliopsida	Asterales	Asteraceae	Helianthus	Helianthus annuus		SPECIES	Helianthus annuus L.	Helianthus annuus L.	L.	IN			PRESENT	1	da86174a-a605-43a4-a5e8-53d484152cd3	18.477735	73.906271	9.0		563.57	0.0			2022-06-12T13:27:57.256Z	12	6	2022	3K5TS	3K5TS	HUMAN_OBSERVATION							CC_BY_4_0					2026-06-11T19:38:40.532Z	StillImage	COORDINATE_ROUNDED;COUNTRY_DERIVED_FROM_COORDINATES;CONTINENT_DERIVED_FROM_COORDINATES
5109144429	7a3679ef-5582-4aaa-81f0-8c2545cafc81	o-1006375966	Plantae	Tracheophyta	Magnoliopsida	Asterales	Asteraceae	Helianthus	Helianthus annuus		SPECIES	Helianthus annuus L.	Helianthus annuus L.	L.	IN			PRESENT	1	da86174a-a605-43a4-a5e8-53d484152cd3	30.354779	76.848728			222.4	0.0			2020-05-09T05:01:08.726Z	9	5	2020	3K5TS	3K5TS	HUMAN_OBSERVATION							CC_BY_4_0					2026-06-11T19:39:11.639Z	StillImage	COORDINATE_ROUNDED;COUNTRY_DERIVED_FROM_COORDINATES;CONTINENT_DERIVED_FROM_COORDINATES
5109140230	7a3679ef-5582-4aaa-81f0-8c2545cafc81	o-1007653136	Plantae	Tracheophyta	Magnoliopsida	Asterales	Asteraceae	Helianthus	Helianthus annuus		SPECIES	Helianthus annuus L.	Helianthus annuus L.	L.	IN			PRESENT	1	da86174a-a605-43a4-a5e8-53d484152cd3	26.732018	92.977207			62.0	0.0			2020-07-06T02:54:19.388Z	6	7	2020	3K5TS	3K5TS	HUMAN_OBSERVATION							CC_BY_4_0					2026-06-11T19:37:39.961Z	StillImage	COUNTRY_DERIVED_FROM_COORDINATES;CONTINENT_DERIVED_FROM_COORDINATES
5109138200	7a3679ef-5582-4aaa-81f0-8c2545cafc81	o-1007576216	Plantae	Tracheophyta	Magnoliopsida	Asterales	Asteraceae	Helianthus	Helianthus annuus		SPECIES	Helianthus annuus L.	Helianthus annuus L.	L.	IN			PRESENT	1	da86174a-a605-43a4-a5e8-53d484152cd3	26.730813	92.980525			62.0	0.0			2020-07-02T11:35:57.273Z	2	7	2020	3K5TS	3K5TS	HUMAN_OBSERVATION							CC_BY_4_0					2026-06-11T19:37:39.189Z	StillImage	COORDINATE_ROUNDED;COUNTRY_DERIVED_FROM_COORDINATES;CONTINENT_DERIVED_FROM_COORDINATES
5104718267	50c9509d-22c7-4a22-a47d-8c48425ef4a7	https://www.inaturalist.org/observations/266786638	Plantae	Tracheophyta	Magnoliopsida	Asterales	Asteraceae	Helianthus	Helianthus annuus		SPECIES	Helianthus annuus L.	Helianthus annuus		IN		West Bengal	PRESENT		28eb1a3f-1c15-4a95-931a-4af90ecb574d	21.758147	88.222121	451.0						2025-03-23T11:46	23	3	2025	3K5TS	3K5TS	HUMAN_OBSERVATION	iNaturalist	Observations	266786638		ARNAB KUMAR SAMANTA	2025-03-24T18:40:14	CC_BY_NC_4_0	ARNAB KUMAR SAMANTA	ARNAB KUMAR SAMANTA			2026-06-23T18:44:22.002Z	StillImage	COORDINATE_ROUNDED;CONTINENT_DERIVED_FROM_COORDINATES;TAXON_ID_NOT_FOUND
5088007743	50c9509d-22c7-4a22-a47d-8c48425ef4a7	https://www.inaturalist.org/observations/265387815	Plantae	Tracheophyta	Magnoliopsida	Asterales	Asteraceae	Helianthus	Helianthus annuus		SPECIES	Helianthus annuus L.	Helianthus annuus		IN		Karnataka	PRESENT		28eb1a3f-1c15-4a95-931a-4af90ecb574d	15.674438	75.344003	3.0						2025-02-27T17:41:30	27	2	2025	3K5TS	3K5TS	HUMAN_OBSERVATION	iNaturalist	Observations	265387815		vaibhavivishwasnaik	2025-03-15T11:23:41	CC_BY_NC_4_0	vaibhavivishwasnaik	vaibhavivishwasnaik			2026-06-23T18:27:36.826Z	StillImage	COORDINATE_ROUNDED;CONTINENT_DERIVED_FROM_COORDINATES;TAXON_ID_NOT_FOUND
5087818237	50c9509d-22c7-4a22-a47d-8c48425ef4a7	https://www.inaturalist.org/observations/265058859	Plantae	Tracheophyta	Magnoliopsida	Asterales	Asteraceae	Helianthus	Helianthus annuus		SPECIES	Helianthus annuus L.	Helianthus annuus		IN		Kerala	PRESENT		28eb1a3f-1c15-4a95-931a-4af90ecb574d	11.972906	75.299075							2025-03-08T08:27:42	8	3	2025	3K5TS	3K5TS	HUMAN_OBSERVATION	iNaturalist	Observations	265058859		Afsar Nayakkan	2025-03-12T15:45:49	CC_BY_4_0	Afsar Nayakkan	Afsar Nayakkan			2026-06-23T18:27:49.115Z	StillImage	COORDINATE_ROUNDED;CONTINENT_DERIVED_FROM_COORDINATES;TAXON_ID_NOT_FOUND
5087800862	50c9509d-22c7-4a22-a47d-8c48425ef4a7	https://www.inaturalist.org/observations/265387867	Plantae	Tracheophyta	Magnoliopsida	Asterales	Asteraceae	Helianthus	Helianthus annuus		SPECIES	Helianthus annuus L.	Helianthus annuus		IN		Karnataka	PRESENT		28eb1a3f-1c15-4a95-931a-4af90ecb574d	15.905805	75.521605	3.0						2025-02-27T16:38:15	27	2	2025	3K5TS	3K5TS	HUMAN_OBSERVATION	iNaturalist	Observations	265387867		vaibhavivishwasnaik	2025-03-15T11:24:54	CC_BY_NC_4_0	vaibhavivishwasnaik	vaibhavivishwasnaik			2026-06-23T18:39:13.450Z	StillImage	CONTINENT_DERIVED_FROM_COORDINATES;TAXON_ID_NOT_FOUND
5063602350	50c9509d-22c7-4a22-a47d-8c48425ef4a7	https://www.inaturalist.org/observations/259958614	Plantae	Tracheophyta	Magnoliopsida	Asterales	Asteraceae	Helianthus	Helianthus annuus		SPECIES	Helianthus annuus L.	Helianthus annuus		IN		Maharashtra	PRESENT		28eb1a3f-1c15-4a95-931a-4af90ecb574d	21.040982	75.570757	138.0						2025-01-27T17:32	27	1	2025	3K5TS	3K5TS	HUMAN_OBSERVATION	iNaturalist	Observations	259958614		Shilpa Gadgil	2025-01-29T13:04:55	CC_BY_NC_4_0	Shilpa Gadgil	Shilpa Gadgil			2026-06-23T18:51:30.898Z	StillImage	COORDINATE_ROUNDED;CONTINENT_DERIVED_FROM_COORDINATES;TAXON_ID_NOT_FOUND
5063551402	50c9509d-22c7-4a22-a47d-8c48425ef4a7	https://www.inaturalist.org/observations/259958608	Plantae	Tracheophyta	Magnoliopsida	Asterales	Asteraceae	Helianthus	Helianthus annuus		SPECIES	Helianthus annuus L.	Helianthus annuus		IN		Maharashtra	PRESENT		28eb1a3f-1c15-4a95-931a-4af90ecb574d	21.040982	75.570757	138.0						2025-01-27T17:31	27	1	2025	3K5TS	3K5TS	HUMAN_OBSERVATION	iNaturalist	Observations	259958608		Shilpa Gadgil	2025-01-29T13:04:54	CC_BY_NC_4_0	Shilpa Gadgil	Shilpa Gadgil			2026-06-23T18:54:59.221Z	StillImage	COORDINATE_ROUNDED;CONTINENT_DERIVED_FROM_COORDINATES;TAXON_ID_NOT_FOUND
5063395107	50c9509d-22c7-4a22-a47d-8c48425ef4a7	https://www.inaturalist.org/observations/259547714	Plantae	Tracheophyta	Magnoliopsida	Asterales	Asteraceae	Helianthus	Helianthus annuus		SPECIES	Helianthus annuus L.	Helianthus annuus		IN		Maharashtra	PRESENT		28eb1a3f-1c15-4a95-931a-4af90ecb574d	17.659909	75.90639	9296.0						2021-12-09T16:15:52	9	12	2021	3K5TS	3K5TS	HUMAN_OBSERVATION	iNaturalist	Observations	259547714		Om Dhuttargaonkar	2025-01-25T17:08:39	CC_BY_NC_4_0	Om Dhuttargaonkar	Om Dhuttargaonkar			2026-06-23T18:47:18.471Z	StillImage	COORDINATE_ROUNDED;CONTINENT_DERIVED_FROM_COORDINATES;TAXON_ID_NOT_FOUND
5006727274	50c9509d-22c7-4a22-a47d-8c48425ef4a7	https://www.inaturalist.org/observations/255975088	Plantae	Tracheophyta	Magnoliopsida	Asterales	Asteraceae	Helianthus	Helianthus annuus		SPECIES	Helianthus annuus L.	Helianthus annuus		IN		Maharashtra	PRESENT		28eb1a3f-1c15-4a95-931a-4af90ecb574d	19.094829	74.747979	11607.0						2024-12-21T00:05	21	12	2024	3K5TS	3K5TS	HUMAN_OBSERVATION	iNaturalist	Observations	255975088		Fenri	2024-12-23T11:08:11	CC_BY_NC_4_0	Vinod Borse	Vinod Borse			2026-06-23T18:55:26.833Z	StillImage	COORDINATE_ROUNDED;CONTINENT_DERIVED_FROM_COORDINATES;TAXON_ID_NOT_FOUND
4936590223	50c9509d-22c7-4a22-a47d-8c48425ef4a7	https://www.inaturalist.org/observations/237505917	Plantae	Tracheophyta	Magnoliopsida	Asterales	Asteraceae	Helianthus	Helianthus annuus		SPECIES	Helianthus annuus L.	Helianthus annuus		IN		Uttarakhand	PRESENT		28eb1a3f-1c15-4a95-931a-4af90ecb574d	30.070908	80.234394							2024-08-24T00:05:56	24	8	2024	3K5TS	3K5TS	HUMAN_OBSERVATION	iNaturalist	Observations	237505917		Ramnarayan K	2024-08-23T18:37:45	CC_BY_4_0	Ramnarayan K	Ramnarayan K			2026-06-23T18:51:09.833Z	StillImage	COORDINATE_ROUNDED;CONTINENT_DERIVED_FROM_COORDINATES;TAXON_ID_NOT_FOUND
4921813644	50c9509d-22c7-4a22-a47d-8c48425ef4a7	https://www.inaturalist.org/observations/85184132	Plantae	Tracheophyta	Magnoliopsida	Asterales	Asteraceae	Helianthus	Helianthus annuus		SPECIES	Helianthus annuus L.	Helianthus annuus		IN		Gujarat	PRESENT		28eb1a3f-1c15-4a95-931a-4af90ecb574d	21.075086	70.497886	30415.0						2021-07-01T13:21:09	1	7	2021	3K5TS	3K5TS	HUMAN_OBSERVATION	iNaturalist	Observations	85184132		Manav Dhamani	2021-07-01T07:51:20	CC_BY_4_0	Manav Dhamani	Manav Dhamani			2026-06-23T18:46:30.990Z	StillImage	COORDINATE_ROUNDED;CONTINENT_DERIVED_FROM_COORDINATES;TAXON_ID_NOT_FOUND
4866470538	c6b86c40-ff71-4e5e-902c-111f400d0d56	https://indiabiodiversity.org/observation/show/17904736	Plantae	Tracheophyta	Magnoliopsida	Asterales	Asteraceae	Helianthus	Helianthus annuus		SPECIES	Helianthus annuus L.	Helianthus annuus L.		IN			PRESENT		62431bdf-fa0c-452b-afce-be14884a47ff	22.577702	88.418614							2015-05-10	10	5	2015	3K5TS	3K5TS	HUMAN_OBSERVATION			17904736		Bikash Kumar Sahoo;Nityananda Mukherjee		CC_BY_4_0		Nityananda Mukherjee			2026-06-12T09:00:08.379Z	StillImage	COORDINATE_ROUNDED;GEODETIC_DATUM_ASSUMED_WGS84;COUNTRY_DERIVED_FROM_COORDINATES;CONTINENT_DERIVED_FROM_COORDINATES;IDENTIFIED_DATE_INVALID;TAXON_ID_NOT_FOUND
4866468867	c6b86c40-ff71-4e5e-902c-111f400d0d56	https://indiabiodiversity.org/observation/show/17902621	Plantae	Tracheophyta	Magnoliopsida	Asterales	Asteraceae	Helianthus	Helianthus annuus		SPECIES	Helianthus annuus L.	Helianthus annuus L.		IN			PRESENT		62431bdf-fa0c-452b-afce-be14884a47ff	22.577702	88.418614							2015-05-04	4	5	2015	3K5TS	3K5TS	HUMAN_OBSERVATION			17902621		Bikash Kumar Sahoo;Nityananda Mukherjee		CC_BY_4_0		Nityananda Mukherjee			2026-06-12T09:00:07.181Z	StillImage	COORDINATE_ROUNDED;GEODETIC_DATUM_ASSUMED_WGS84;COUNTRY_DERIVED_FROM_COORDINATES;CONTINENT_DERIVED_FROM_COORDINATES;IDENTIFIED_DATE_INVALID;TAXON_ID_NOT_FOUND
4866465718	c6b86c40-ff71-4e5e-902c-111f400d0d56	https://indiabiodiversity.org/observation/show/16393023	Plantae	Tracheophyta	Magnoliopsida	Asterales	Asteraceae	Helianthus	Helianthus annuus		SPECIES	Helianthus annuus L.	Helianthus annuus L.		IN			PRESENT		62431bdf-fa0c-452b-afce-be14884a47ff	20.006873	73.6885							2021-02-20	20	2	2021	3K5TS	3K5TS	HUMAN_OBSERVATION			16393023		Bikash Kumar Sahoo;Deepti Mudartha		CC_BY_4_0		Deepti Mudartha			2026-06-12T09:00:04.671Z	StillImage	COORDINATE_ROUNDED;GEODETIC_DATUM_ASSUMED_WGS84;COUNTRY_DERIVED_FROM_COORDINATES;CONTINENT_DERIVED_FROM_COORDINATES;IDENTIFIED_DATE_INVALID;TAXON_ID_NOT_FOUND
4855279099	50c9509d-22c7-4a22-a47d-8c48425ef4a7	https://www.inaturalist.org/observations/211356021	Plantae	Tracheophyta	Magnoliopsida	Asterales	Asteraceae	Helianthus	Helianthus annuus		SPECIES	Helianthus annuus L.	Helianthus annuus		IN		Odisha	PRESENT		28eb1a3f-1c15-4a95-931a-4af90ecb574d	20.479515	85.876905							2024-04-27T18:56	27	4	2024	3K5TS	3K5TS	HUMAN_OBSERVATION	iNaturalist	Observations	211356021		Arpita Dash	2024-04-29T04:26:07	CC_BY_NC_4_0	Arpita Dash	Arpita Dash			2026-06-23T18:56:36.111Z	StillImage	COORDINATE_ROUNDED;CONTINENT_DERIVED_FROM_COORDINATES;TAXON_ID_NOT_FOUND
4500528988	50c9509d-22c7-4a22-a47d-8c48425ef4a7	https://www.inaturalist.org/observations/193865218	Plantae	Tracheophyta	Magnoliopsida	Asterales	Asteraceae	Helianthus	Helianthus annuus		SPECIES	Helianthus annuus L.	Helianthus annuus		IN		Uttarakhand	PRESENT		28eb1a3f-1c15-4a95-931a-4af90ecb574d	30.071517	80.23734	1157.0						2023-12-12T05:10:11	12	12	2023	3K5TS	3K5TS	HUMAN_OBSERVATION	iNaturalist	Observations	193865218		Rajendra Koranga	2023-12-13T10:42:06	CC_BY_NC_4_0	Rajendra Koranga	Rajendra Koranga			2026-06-23T18:56:12.342Z	StillImage	COORDINATE_ROUNDED;CONTINENT_DERIVED_FROM_COORDINATES;TAXON_ID_NOT_FOUND
4430660801	50c9509d-22c7-4a22-a47d-8c48425ef4a7	https://www.inaturalist.org/observations/187782180	Plantae	Tracheophyta	Magnoliopsida	Asterales	Asteraceae	Helianthus	Helianthus annuus		SPECIES	Helianthus annuus L.	Helianthus annuus		IN		Karnataka	PRESENT		28eb1a3f-1c15-4a95-931a-4af90ecb574d	15.918622	75.676082	9882.0						2017-08-28T10:35	28	8	2017	3K5TS	3K5TS	HUMAN_OBSERVATION	iNaturalist	Observations	187782180		Avinash Bhagat	2023-10-16T14:32:55	CC_BY_NC_4_0	Avinash Bhagat	Avinash Bhagat			2026-06-23T18:34:42.408Z	StillImage	CONTINENT_DERIVED_FROM_COORDINATES;TAXON_ID_NOT_FOUND
4424293593	50c9509d-22c7-4a22-a47d-8c48425ef4a7	https://www.inaturalist.org/observations/186295230	Plantae	Tracheophyta	Magnoliopsida	Asterales	Asteraceae	Helianthus	Helianthus annuus		SPECIES	Helianthus annuus L.	Helianthus annuus		IN		Karnataka	PRESENT		28eb1a3f-1c15-4a95-931a-4af90ecb574d	15.488896	74.981347	213.0						2020-01-08T14:24:51	8	1	2020	3K5TS	3K5TS	HUMAN_OBSERVATION	iNaturalist	Observations	186295230		harshakogalimath	2023-10-05T16:08:04	CC_BY_NC_4_0	harshakogalimath	harshakogalimath			2026-06-23T18:34:43.160Z	StillImage	COORDINATE_ROUNDED;CONTINENT_DERIVED_FROM_COORDINATES;TAXON_ID_NOT_FOUND
4166229515	c9671fc1-7061-4a35-8c0c-1ed103e9fa92	NM:PBMP:BJKL2101:54	Plantae	Tracheophyta	Magnoliopsida	Asterales	Asteraceae	Helianthus	Helianthus annuus		SPECIES	Helianthus annuus L.	Helianthus annuus		IN	Bajkul Forest Office, Bhagabanpur II	West Bengal	PRESENT		ba5d0858-075a-430b-b314-ff1debdfb6ec	22.0294	87.8041	1000.0						2021-01		1	2021	3K5TS	3K5TS	HUMAN_OBSERVATION							CC0_1_0	Nature Mates-Nature Club				2026-06-11T21:16:23.156Z		
4165565664	50c9509d-22c7-4a22-a47d-8c48425ef4a7	https://www.inaturalist.org/observations/170220998	Plantae	Tracheophyta	Magnoliopsida	Asterales	Asteraceae	Helianthus	Helianthus annuus		SPECIES	Helianthus annuus L.	Helianthus annuus		IN		Chandigarh	PRESENT		28eb1a3f-1c15-4a95-931a-4af90ecb574d	30.754475	76.7937	8.0						2023-06-29T17:22:59	29	6	2023	3K5TS	3K5TS	HUMAN_OBSERVATION	iNaturalist	Observations	170220998		Vladimir Meshkov	2023-06-30T03:26:58	CC_BY_NC_4_0	Vladimir Meshkov	Vladimir Meshkov			2026-06-23T18:34:30.412Z	StillImage	CONTINENT_DERIVED_FROM_COORDINATES;TAXON_ID_NOT_FOUND
4121054476	50c9509d-22c7-4a22-a47d-8c48425ef4a7	https://www.inaturalist.org/observations/162630615	Plantae	Tracheophyta	Magnoliopsida	Asterales	Asteraceae	Helianthus	Helianthus annuus		SPECIES	Helianthus annuus L.	Helianthus annuus		IN		Kerala	PRESENT		28eb1a3f-1c15-4a95-931a-4af90ecb574d	10.276166	77.161458	1371.0						2023-05-10T11:46:02	10	5	2023	3K5TS	3K5TS	HUMAN_OBSERVATION	iNaturalist	Observations	162630615		Haneesh K M	2023-05-20T10:30:22	CC_BY_NC_4_0	Monisha	Monisha			2026-06-23T18:54:57.947Z	StillImage	COORDINATE_ROUNDED;CONTINENT_DERIVED_FROM_COORDINATES;TAXON_ID_NOT_FOUND
4111799269	50c9509d-22c7-4a22-a47d-8c48425ef4a7	https://www.inaturalist.org/observations/159777101	Plantae	Tracheophyta	Magnoliopsida	Asterales	Asteraceae	Helianthus	Helianthus annuus		SPECIES	Helianthus annuus L.	Helianthus annuus		IN		West Bengal	PRESENT		28eb1a3f-1c15-4a95-931a-4af90ecb574d	22.543207	88.344429							2023-05-01T07:54:37	1	5	2023	3K5TS	3K5TS	HUMAN_OBSERVATION	iNaturalist	Observations	159777101		Rajdeep Bose	2023-05-06T09:31:58	CC_BY_NC_4_0	Arjaita,Anushka,RMG,Arushi,Rwiddhi	Arjaita,Anushka,RMG,Arushi,Rwiddhi			2026-06-23T18:42:07.386Z	StillImage	COORDINATE_ROUNDED;CONTINENT_DERIVED_FROM_COORDINATES;TAXON_ID_NOT_FOUND
4102819395	50c9509d-22c7-4a22-a47d-8c48425ef4a7	https://www.inaturalist.org/observations/157518224	Plantae	Tracheophyta	Magnoliopsida	Asterales	Asteraceae	Helianthus	Helianthus annuus		SPECIES	Helianthus annuus L.	Helianthus annuus		IN		West Bengal	PRESENT		28eb1a3f-1c15-4a95-931a-4af90ecb574d	22.509417	88.328704	21.0						2023-04-29T15:22:46	29	4	2023	3K5TS	3K5TS	HUMAN_OBSERVATION	iNaturalist	Observations	157518224		Arjaita,Anushka,RMG,Arushi,Rwiddhi	2023-04-29T10:39:03	CC_BY_NC_4_0	madhub	madhub			2026-06-23T18:34:03.629Z	StillImage	COORDINATE_ROUNDED;CONTINENT_DERIVED_FROM_COORDINATES;TAXON_ID_NOT_FOUND
4046407566	50c9509d-22c7-4a22-a47d-8c48425ef4a7	https://www.inaturalist.org/observations/143427794	Plantae	Tracheophyta	Magnoliopsida	Asterales	Asteraceae	Helianthus	Helianthus annuus		SPECIES	Helianthus annuus L.	Helianthus annuus		IN		Karnataka	PRESENT		28eb1a3f-1c15-4a95-931a-4af90ecb574d	11.808386	76.692726	1985.0						2022-08-14T16:41:42	14	8	2022	3K5TS	3K5TS	HUMAN_OBSERVATION	iNaturalist	Observations	143427794		Ajay Ramakrishnan	2022-12-02T13:00:34	CC_BY_4_0	Sindhu Haridas	Sindhu Haridas			2026-06-23T18:41:56.697Z	StillImage	COORDINATE_ROUNDED;CONTINENT_DERIVED_FROM_COORDINATES;TAXON_ID_NOT_FOUND
4036428065	c6b86c40-ff71-4e5e-902c-111f400d0d56	https://indiabiodiversity.org/observation/show/17853822	Plantae	Tracheophyta	Magnoliopsida	Asterales	Asteraceae	Helianthus	Helianthus annuus		SPECIES	Helianthus annuus L.	Helianthus annuus L.		IN			PRESENT		62431bdf-fa0c-452b-afce-be14884a47ff	10.1507	76.236088							2022-05-20	20	5	2022	3K5TS	3K5TS	HUMAN_OBSERVATION			17853822		Bikash Kumar Sahoo;s.sneha;Swrji Basumatary		CC_BY_4_0		s.sneha			2026-06-12T08:59:58.050Z	StillImage	COORDINATE_ROUNDED;GEODETIC_DATUM_ASSUMED_WGS84;COUNTRY_DERIVED_FROM_COORDINATES;CONTINENT_DERIVED_FROM_COORDINATES;IDENTIFIED_DATE_INVALID;TAXON_ID_NOT_FOUND
4022152086	50c9509d-22c7-4a22-a47d-8c48425ef4a7	https://www.inaturalist.org/observations/147010530	Plantae	Tracheophyta	Magnoliopsida	Asterales	Asteraceae	Helianthus	Helianthus annuus		SPECIES	Helianthus annuus L.	Helianthus annuus		IN		Uttarakhand	PRESENT		28eb1a3f-1c15-4a95-931a-4af90ecb574d	30.080288	80.240318							2023-01-21T12:06:13	21	1	2023	3K5TS	3K5TS	HUMAN_OBSERVATION	iNaturalist	Observations	147010530		Rajendra Koranga	2023-01-21T07:15:14	CC_BY_NC_4_0	Rajendra Koranga	Rajendra Koranga			2026-06-23T18:23:16.602Z	StillImage	COORDINATE_ROUNDED;CONTINENT_DERIVED_FROM_COORDINATES;TAXON_ID_NOT_FOUND
3997877243	14d5676a-2c54-4f94-9023-1e8dcd822aa0	q-10549413013	Plantae	Tracheophyta	Magnoliopsida	Asterales	Asteraceae	Helianthus	Helianthus annuus		SPECIES	Helianthus annuus L.	Helianthus annuus L.	L.	IN			PRESENT	1	da86174a-a605-43a4-a5e8-53d484152cd3	18.803625	84.139061	7.0		10.67	0.0			2022-04-08T12:41:29.085Z	8	4	2022	3K5TS	3K5TS	HUMAN_OBSERVATION							CC_BY_4_0					2026-06-12T04:18:56.317Z		COORDINATE_ROUNDED;COUNTRY_DERIVED_FROM_COORDINATES;CONTINENT_DERIVED_FROM_COORDINATES
3959850601	14d5676a-2c54-4f94-9023-1e8dcd822aa0	q-10540264628	Plantae	Tracheophyta	Magnoliopsida	Asterales	Asteraceae	Helianthus	Helianthus annuus		SPECIES	Helianthus annuus L.	Helianthus annuus L.	L.	IN			PRESENT	1	da86174a-a605-43a4-a5e8-53d484152cd3	23.616396	85.822481	5.0		297.44	0.0			2022-03-22T04:23:05.997Z	22	3	2022	3K5TS	3K5TS	HUMAN_OBSERVATION							CC_BY_4_0					2026-06-12T04:16:59.360Z		COORDINATE_ROUNDED;COUNTRY_DERIVED_FROM_COORDINATES;CONTINENT_DERIVED_FROM_COORDINATES
3959094963	14d5676a-2c54-4f94-9023-1e8dcd822aa0	q-10539822451	Plantae	Tracheophyta	Magnoliopsida	Asterales	Asteraceae	Helianthus	Helianthus annuus		SPECIES	Helianthus annuus L.	Helianthus annuus L.	L.	IN			PRESENT	1	da86174a-a605-43a4-a5e8-53d484152cd3	30.258674	75.836543	10.0		187.61	0.0			2022-03-21T07:07:34.471Z	21	3	2022	3K5TS	3K5TS	HUMAN_OBSERVATION							CC_BY_4_0					2026-06-12T04:18:52.251Z		COORDINATE_ROUNDED;COUNTRY_DERIVED_FROM_COORDINATES;CONTINENT_DERIVED_FROM_COORDINATES
3958576294	14d5676a-2c54-4f94-9023-1e8dcd822aa0	q-10330517592	Plantae	Tracheophyta	Magnoliopsida	Asterales	Asteraceae	Helianthus	Helianthus annuus		SPECIES	Helianthus annuus L.	Helianthus annuus L.	L.	IN			PRESENT	1	da86174a-a605-43a4-a5e8-53d484152cd3	30.678097	76.732535	13.0		167.5	0.0			2021-04-21T11:38:55.594Z	21	4	2021	3K5TS	3K5TS	HUMAN_OBSERVATION							CC_BY_4_0					2026-06-12T04:17:53.579Z		COORDINATE_ROUNDED;COUNTRY_DERIVED_FROM_COORDINATES;CONTINENT_DERIVED_FROM_COORDINATES
3958496599	14d5676a-2c54-4f94-9023-1e8dcd822aa0	q-10298301078	Plantae	Tracheophyta	Magnoliopsida	Asterales	Asteraceae	Helianthus	Helianthus annuus		SPECIES	Helianthus annuus L.	Helianthus annuus L.	L.	IN			PRESENT	1	da86174a-a605-43a4-a5e8-53d484152cd3	10.811508	76.042615			53.44	0.0			2021-02-06T02:25:20.509Z	6	2	2021	3K5TS	3K5TS	HUMAN_OBSERVATION							CC_BY_4_0					2026-06-12T04:18:46.541Z		COORDINATE_ROUNDED;COUNTRY_DERIVED_FROM_COORDINATES;CONTINENT_DERIVED_FROM_COORDINATES
3958259948	14d5676a-2c54-4f94-9023-1e8dcd822aa0	q-10510764058	Plantae	Tracheophyta	Magnoliopsida	Asterales	Asteraceae	Helianthus	Helianthus annuus		SPECIES	Helianthus annuus L.	Helianthus annuus L.	L.	IN			PRESENT	1	da86174a-a605-43a4-a5e8-53d484152cd3	28.531671	77.201849	6.0		194.65	0.0			2021-11-30T08:10:01.200Z	30	11	2021	3K5TS	3K5TS	HUMAN_OBSERVATION							CC_BY_4_0					2026-06-12T04:17:37.662Z		COORDINATE_ROUNDED;COUNTRY_DERIVED_FROM_COORDINATES;CONTINENT_DERIVED_FROM_COORDINATES
3957799067	14d5676a-2c54-4f94-9023-1e8dcd822aa0	q-10205921435	Plantae	Tracheophyta	Magnoliopsida	Asterales	Asteraceae	Helianthus	Helianthus annuus		SPECIES	Helianthus annuus L.	Helianthus annuus L.	L.	IN			PRESENT	1	da86174a-a605-43a4-a5e8-53d484152cd3	30.77722	76.764294	5.0		352.49	0.0			2020-06-29T13:09:22.852Z	29	6	2020	3K5TS	3K5TS	HUMAN_OBSERVATION							CC_BY_4_0					2026-06-12T04:16:42.300Z		COORDINATE_ROUNDED;COUNTRY_DERIVED_FROM_COORDINATES;CONTINENT_DERIVED_FROM_COORDINATES
3957613405	14d5676a-2c54-4f94-9023-1e8dcd822aa0	q-10462673686	Plantae	Tracheophyta	Magnoliopsida	Asterales	Asteraceae	Helianthus	Helianthus annuus		SPECIES	Helianthus annuus L.	Helianthus annuus L.	L.	IN			PRESENT	1	da86174a-a605-43a4-a5e8-53d484152cd3	24.242475	75.335555	8.0		413.1	0.0			2021-08-27T12:42:41.139Z	27	8	2021	3K5TS	3K5TS	HUMAN_OBSERVATION							CC_BY_4_0					2026-06-12T04:17:39.830Z		COUNTRY_DERIVED_FROM_COORDINATES;CONTINENT_DERIVED_FROM_COORDINATES
3957461718	14d5676a-2c54-4f94-9023-1e8dcd822aa0	q-10109834526	Plantae	Tracheophyta	Magnoliopsida	Asterales	Asteraceae	Helianthus	Helianthus annuus		SPECIES	Helianthus annuus L.	Helianthus annuus L.	L.	IN			PRESENT	1	da86174a-a605-43a4-a5e8-53d484152cd3	24.602546	72.725906	9.0		1129.0	0.0			2019-09-13T13:01:06.445Z	13	9	2019	3K5TS	3K5TS	HUMAN_OBSERVATION							CC_BY_4_0					2026-06-12T04:18:45.623Z		COORDINATE_ROUNDED;COUNTRY_DERIVED_FROM_COORDINATES;CONTINENT_DERIVED_FROM_COORDINATES
3956671362	14d5676a-2c54-4f94-9023-1e8dcd822aa0	q-10423093337	Plantae	Tracheophyta	Magnoliopsida	Asterales	Asteraceae	Helianthus	Helianthus annuus		SPECIES	Helianthus annuus L.	Helianthus annuus L.	L.	IN			PRESENT	1	da86174a-a605-43a4-a5e8-53d484152cd3	12.616389	79.632222							2021-07-10T03:54:54.929Z	10	7	2021	3K5TS	3K5TS	HUMAN_OBSERVATION							CC_BY_4_0					2026-06-12T04:18:21.109Z		COORDINATE_ROUNDED;COUNTRY_DERIVED_FROM_COORDINATES;CONTINENT_DERIVED_FROM_COORDINATES
3956447121	14d5676a-2c54-4f94-9023-1e8dcd822aa0	q-10307860089	Plantae	Tracheophyta	Magnoliopsida	Asterales	Asteraceae	Helianthus	Helianthus annuus		SPECIES	Helianthus annuus L.	Helianthus annuus L.	L.	IN			PRESENT	1	da86174a-a605-43a4-a5e8-53d484152cd3	11.383525	79.721566	8.0		-88.45	0.0			2021-03-11T10:48:10.382Z	11	3	2021	3K5TS	3K5TS	HUMAN_OBSERVATION							CC_BY_4_0					2026-06-12T04:18:39.550Z		COORDINATE_ROUNDED;COUNTRY_DERIVED_FROM_COORDINATES;CONTINENT_DERIVED_FROM_COORDINATES
3955990416	14d5676a-2c54-4f94-9023-1e8dcd822aa0	q-10322090666	Plantae	Tracheophyta	Magnoliopsida	Asterales	Asteraceae	Helianthus	Helianthus annuus		SPECIES	Helianthus annuus L.	Helianthus annuus L.	L.	IN			PRESENT	1	da86174a-a605-43a4-a5e8-53d484152cd3	20.851762	77.682395	26.0		256.35	0.0			2021-04-09T05:39:00.854Z	9	4	2021	3K5TS	3K5TS	HUMAN_OBSERVATION							CC_BY_4_0					2026-06-12T04:17:28.559Z		COORDINATE_ROUNDED;COUNTRY_DERIVED_FROM_COORDINATES;CONTINENT_DERIVED_FROM_COORDINATES
3955635666	14d5676a-2c54-4f94-9023-1e8dcd822aa0	q-10551329640	Plantae	Tracheophyta	Magnoliopsida	Asterales	Asteraceae	Helianthus	Helianthus annuus		SPECIES	Helianthus annuus L.	Helianthus annuus L.	L.	IN			PRESENT	1	da86174a-a605-43a4-a5e8-53d484152cd3	31.462737	76.188502	16.0		342.58	0.0			2022-04-11T09:04:47.960Z	11	4	2022	3K5TS	3K5TS	HUMAN_OBSERVATION							CC_BY_4_0					2026-06-12T04:17:27.032Z		COORDINATE_ROUNDED;COUNTRY_DERIVED_FROM_COORDINATES;CONTINENT_DERIVED_FROM_COORDINATES
3954902687	14d5676a-2c54-4f94-9023-1e8dcd822aa0	q-10315904436	Plantae	Tracheophyta	Magnoliopsida	Asterales	Asteraceae	Helianthus	Helianthus annuus		SPECIES	Helianthus annuus L.	Helianthus annuus L.	L.	IN			PRESENT	1	da86174a-a605-43a4-a5e8-53d484152cd3	20.851673	77.682344	9.0		249.16	0.0			2021-03-30T05:02:53.364Z	30	3	2021	3K5TS	3K5TS	HUMAN_OBSERVATION							CC_BY_4_0					2026-06-12T04:16:25.148Z		COORDINATE_ROUNDED;COUNTRY_DERIVED_FROM_COORDINATES;CONTINENT_DERIVED_FROM_COORDINATES
3953637403	14d5676a-2c54-4f94-9023-1e8dcd822aa0	q-10319201650	Plantae	Tracheophyta	Magnoliopsida	Asterales	Asteraceae	Helianthus	Helianthus annuus		SPECIES	Helianthus annuus L.	Helianthus annuus L.	L.	IN			PRESENT	1	da86174a-a605-43a4-a5e8-53d484152cd3	22.06764	82.154504			199.0	0.0			2021-04-04T12:17:31.516Z	4	4	2021	3K5TS	3K5TS	HUMAN_OBSERVATION							CC_BY_4_0					2026-06-12T04:18:31.555Z		COORDINATE_ROUNDED;COUNTRY_DERIVED_FROM_COORDINATES;CONTINENT_DERIVED_FROM_COORDINATES
3949254517	7a3679ef-5582-4aaa-81f0-8c2545cafc81	o-1011411766	Plantae	Tracheophyta	Magnoliopsida	Asterales	Asteraceae	Helianthus	Helianthus annuus		SPECIES	Helianthus annuus L.	Helianthus annuus L.	L.	IN			PRESENT	1	da86174a-a605-43a4-a5e8-53d484152cd3	31.746087	77.391372	140.0		2267.37	0.0			2021-07-18T01:44:04.707Z	18	7	2021	3K5TS	3K5TS	HUMAN_OBSERVATION							CC_BY_4_0					2026-06-11T19:37:24.439Z	StillImage	COORDINATE_ROUNDED;COUNTRY_DERIVED_FROM_COORDINATES;CONTINENT_DERIVED_FROM_COORDINATES
3903118932	50c9509d-22c7-4a22-a47d-8c48425ef4a7	https://www.inaturalist.org/observations/134274335	Plantae	Tracheophyta	Magnoliopsida	Asterales	Asteraceae	Helianthus	Helianthus annuus		SPECIES	Helianthus annuus L.	Helianthus annuus		IN		Karnataka	PRESENT		28eb1a3f-1c15-4a95-931a-4af90ecb574d	12.208992	75.735903	197.0						2021-02-06T16:38:11	6	2	2021	3K5TS	3K5TS	HUMAN_OBSERVATION	iNaturalist	Observations	134274335		Ramaa Shenoy	2022-09-09T08:46:21	CC_BY_NC_4_0	Ramaa Shenoy	Ramaa Shenoy			2026-06-23T18:42:02.964Z	StillImage	COORDINATE_ROUNDED;CONTINENT_DERIVED_FROM_COORDINATES;TAXON_ID_NOT_FOUND
3902355646	50c9509d-22c7-4a22-a47d-8c48425ef4a7	https://www.inaturalist.org/observations/127826113	Plantae	Tracheophyta	Magnoliopsida	Asterales	Asteraceae	Helianthus	Helianthus annuus		SPECIES	Helianthus annuus L.	Helianthus annuus		IN		Uttarakhand	PRESENT		28eb1a3f-1c15-4a95-931a-4af90ecb574d	30.081829	80.239395							2022-07-25T12:18:06	25	7	2022	3K5TS	3K5TS	HUMAN_OBSERVATION	iNaturalist	Observations	127826113		Rajendra Koranga	2022-07-25T11:34:51	CC_BY_NC_4_0	Rajendra Koranga	Rajendra Koranga			2026-06-23T18:55:15.182Z	StillImage	COORDINATE_ROUNDED;CONTINENT_DERIVED_FROM_COORDINATES;TAXON_ID_NOT_FOUND
3902126089	50c9509d-22c7-4a22-a47d-8c48425ef4a7	https://www.inaturalist.org/observations/130919678	Plantae	Tracheophyta	Magnoliopsida	Asterales	Asteraceae	Helianthus	Helianthus annuus		SPECIES	Helianthus annuus L.	Helianthus annuus		IN		Jammu and Kashmir	PRESENT		28eb1a3f-1c15-4a95-931a-4af90ecb574d	34.021238	74.770259	215.0						2022-08-15T16:51:40	15	8	2022	3K5TS	3K5TS	HUMAN_OBSERVATION	iNaturalist	Observations	130919678		Ajesh Kottur	2022-08-15T11:40:36	CC_BY_NC_4_0	Ajesh Kottur	Ajesh Kottur			2026-06-23T18:41:33.497Z	StillImage	COORDINATE_ROUNDED;CONTINENT_DERIVED_FROM_COORDINATES;TAXON_ID_NOT_FOUND
3898268427	c6b86c40-ff71-4e5e-902c-111f400d0d56	https://indiabiodiversity.org/observation/show/17265890	Plantae	Tracheophyta	Magnoliopsida	Asterales	Asteraceae	Helianthus	Helianthus annuus		SPECIES	Helianthus annuus L.	Helianthus annuus L.		IN			PRESENT		62431bdf-fa0c-452b-afce-be14884a47ff	14.464409	75.921758							2021-07-25	25	7	2021	3K5TS	3K5TS	HUMAN_OBSERVATION			17265890		Swrji Basumatary;Visista		CC_BY_4_0		Visista			2026-06-12T08:59:53.144Z	StillImage	COORDINATE_ROUNDED;GEODETIC_DATUM_ASSUMED_WGS84;COUNTRY_DERIVED_FROM_COORDINATES;CONTINENT_DERIVED_FROM_COORDINATES;IDENTIFIED_DATE_INVALID;TAXON_ID_NOT_FOUND
3872962890	50c9509d-22c7-4a22-a47d-8c48425ef4a7	https://www.inaturalist.org/observations/124877446	Plantae	Tracheophyta	Magnoliopsida	Asterales	Asteraceae	Helianthus	Helianthus annuus		SPECIES	Helianthus annuus L.	Helianthus annuus		IN		Uttarakhand	PRESENT		28eb1a3f-1c15-4a95-931a-4af90ecb574d	30.081877	80.23941							2022-07-05T16:00:52	5	7	2022	3K5TS	3K5TS	HUMAN_OBSERVATION	iNaturalist	Observations	124877446		Rajendra Koranga	2022-07-05T13:25:33	CC_BY_NC_4_0	Rajendra Koranga	Rajendra Koranga			2026-06-23T18:55:40.782Z	StillImage	COORDINATE_ROUNDED;CONTINENT_DERIVED_FROM_COORDINATES;TAXON_ID_NOT_FOUND
3408241587	50c9509d-22c7-4a22-a47d-8c48425ef4a7	https://www.inaturalist.org/observations/98604825	Plantae	Tracheophyta	Magnoliopsida	Asterales	Asteraceae	Helianthus	Helianthus annuus		SPECIES	Helianthus annuus L.	Helianthus annuus		IN		West Bengal	PRESENT		28eb1a3f-1c15-4a95-931a-4af90ecb574d	22.513189	88.388296	204.0						2021-10-08T19:21	8	10	2021	3K5TS	3K5TS	HUMAN_OBSERVATION	iNaturalist	Observations	98604825		ar_pan	2021-10-25T16:06:16	CC_BY_NC_4_0	ar_pan	ar_pan			2026-06-23T18:21:39.421Z	StillImage	COORDINATE_ROUNDED;CONTINENT_DERIVED_FROM_COORDINATES;TAXON_ID_NOT_FOUND
3384635801	50c9509d-22c7-4a22-a47d-8c48425ef4a7	https://www.inaturalist.org/observations/87364242	Plantae	Tracheophyta	Magnoliopsida	Asterales	Asteraceae	Helianthus	Helianthus annuus		SPECIES	Helianthus annuus L.	Helianthus annuus		IN		Andhra Pradesh	PRESENT		28eb1a3f-1c15-4a95-931a-4af90ecb574d	13.636332	78.45388	209.0						2009-08-18T16:35	18	8	2009	3K5TS	3K5TS	HUMAN_OBSERVATION	iNaturalist	Observations	87364242		Rishi Valley Biodiversity	2021-07-17T06:12:20	CC_BY_NC_4_0	Rishi Valley Biodiversity	Rishi Valley Biodiversity			2026-06-23T18:21:18.051Z	StillImage	COORDINATE_ROUNDED;CONTINENT_DERIVED_FROM_COORDINATES;TAXON_ID_NOT_FOUND
3351395363	d8cd16ba-bb74-4420-821e-083f2bac17c2	MF440609	Plantae	Tracheophyta	Magnoliopsida	Asterales	Asteraceae	Helianthus	Helianthus annuus		SPECIES	Helianthus annuus L.	Helianthus annuus		IN			PRESENT		ada9d123-ddb4-467d-8891-806ea8d94230	23.44	92.39							2015-08-12	12	8	2015	3K5TS	3K5TS	PRESERVED_SPECIMEN			MZU/BT/92		K Upadhaya		CC_BY_4_0		G Singh			2026-06-27T13:04:20.688Z		GEODETIC_DATUM_ASSUMED_WGS84;CONTINENT_DERIVED_FROM_COORDINATES;TAXON_ID_NOT_FOUND;TAXON_CONCEPT_ID_NOT_FOUND
3351209852	d8cd16ba-bb74-4420-821e-083f2bac17c2	MF770221	Plantae	Tracheophyta	Magnoliopsida	Asterales	Asteraceae	Helianthus	Helianthus annuus		SPECIES	Helianthus annuus L.	Helianthus annuus		IN			PRESENT		ada9d123-ddb4-467d-8891-806ea8d94230	23.44	92.39							2015-08-12	12	8	2015	3K5TS	3K5TS	PRESERVED_SPECIMEN			MZU/BT/135		K Upadhaya		CC_BY_4_0		G Singh			2026-06-27T13:03:11.439Z		GEODETIC_DATUM_ASSUMED_WGS84;CONTINENT_DERIVED_FROM_COORDINATES;TAXON_CONCEPT_ID_NOT_FOUND;TAXON_ID_NOT_FOUND
3124494633	50c9509d-22c7-4a22-a47d-8c48425ef4a7	https://www.inaturalist.org/observations/79793966	Plantae	Tracheophyta	Magnoliopsida	Asterales	Asteraceae	Helianthus	Helianthus annuus		SPECIES	Helianthus annuus L.	Helianthus annuus		IN		Chhattisgarh	PRESENT		28eb1a3f-1c15-4a95-931a-4af90ecb574d	21.791851	83.318162	5.0						2021-05-20T08:01	20	5	2021	3K5TS	3K5TS	HUMAN_OBSERVATION	iNaturalist	Observations	79793966		Vivek Patel	2021-05-22T15:52:37	CC_BY_NC_4_0	Vivek Patel	Vivek Patel			2026-06-23T18:20:52.006Z	StillImage	COORDINATE_ROUNDED;CONTINENT_DERIVED_FROM_COORDINATES;TAXON_ID_NOT_FOUND
2977126874	14d5676a-2c54-4f94-9023-1e8dcd822aa0	q-10165251351	Plantae	Tracheophyta	Magnoliopsida	Asterales	Asteraceae	Helianthus	Helianthus annuus		SPECIES	Helianthus annuus L.	Helianthus annuus L.	L.	IN			PRESENT	1	da86174a-a605-43a4-a5e8-53d484152cd3	16.732238	73.403103							2020-05-13T02:52:38.610Z	13	5	2020	3K5TS	3K5TS	HUMAN_OBSERVATION							CC_BY_4_0					2026-06-12T04:17:08.989Z		COORDINATE_ROUNDED;COUNTRY_DERIVED_FROM_COORDINATES;CONTINENT_DERIVED_FROM_COORDINATES
2977033400	14d5676a-2c54-4f94-9023-1e8dcd822aa0	q-10147389622	Plantae	Tracheophyta	Magnoliopsida	Asterales	Asteraceae	Helianthus	Helianthus annuus		SPECIES	Helianthus annuus L.	Helianthus annuus L.	L.	IN			PRESENT	1	da86174a-a605-43a4-a5e8-53d484152cd3	24.435003	83.096694							2020-04-18T12:49:48.154Z	18	4	2020	3K5TS	3K5TS	HUMAN_OBSERVATION							CC_BY_4_0					2026-06-12T04:15:54.481Z		COORDINATE_ROUNDED;COUNTRY_DERIVED_FROM_COORDINATES;CONTINENT_DERIVED_FROM_COORDINATES
2976944309	14d5676a-2c54-4f94-9023-1e8dcd822aa0	q-10185322144	Plantae	Tracheophyta	Magnoliopsida	Asterales	Asteraceae	Helianthus	Helianthus annuus		SPECIES	Helianthus annuus L.	Helianthus annuus L.	L.	IN			PRESENT	1	da86174a-a605-43a4-a5e8-53d484152cd3	30.710857	76.716742			273.26	0.0			2020-06-04T13:11:55.326Z	4	6	2020	3K5TS	3K5TS	HUMAN_OBSERVATION							CC_BY_4_0					2026-06-12T04:18:00.763Z		COORDINATE_ROUNDED;COUNTRY_DERIVED_FROM_COORDINATES;CONTINENT_DERIVED_FROM_COORDINATES
2975629151	14d5676a-2c54-4f94-9023-1e8dcd822aa0	q-10204772947	Plantae	Tracheophyta	Magnoliopsida	Asterales	Asteraceae	Helianthus	Helianthus annuus		SPECIES	Helianthus annuus L.	Helianthus annuus L.	L.	IN			PRESENT	1	da86174a-a605-43a4-a5e8-53d484152cd3	26.731364	92.971775							2020-06-28T09:01:23.143Z	28	6	2020	3K5TS	3K5TS	HUMAN_OBSERVATION							CC_BY_4_0					2026-06-12T04:17:04.426Z		COORDINATE_ROUNDED;COUNTRY_DERIVED_FROM_COORDINATES;CONTINENT_DERIVED_FROM_COORDINATES
2975618291	14d5676a-2c54-4f94-9023-1e8dcd822aa0	q-10185320793	Plantae	Tracheophyta	Magnoliopsida	Asterales	Asteraceae	Helianthus	Helianthus annuus		SPECIES	Helianthus annuus L.	Helianthus annuus L.	L.	IN			PRESENT	1	da86174a-a605-43a4-a5e8-53d484152cd3	30.710857	76.716742			273.26	0.0			2020-06-04T13:09:39.740Z	4	6	2020	3K5TS	3K5TS	HUMAN_OBSERVATION							CC_BY_4_0					2026-06-12T04:17:56.341Z		COORDINATE_ROUNDED;COUNTRY_DERIVED_FROM_COORDINATES;CONTINENT_DERIVED_FROM_COORDINATES
2975598730	14d5676a-2c54-4f94-9023-1e8dcd822aa0	q-10203382439	Plantae	Tracheophyta	Magnoliopsida	Asterales	Asteraceae	Helianthus	Helianthus annuus		SPECIES	Helianthus annuus L.	Helianthus annuus L.	L.	IN			PRESENT	1	da86174a-a605-43a4-a5e8-53d484152cd3	25.18759	75.82991	4.0		252.9	0.0			2020-06-26T14:08:35.427Z	26	6	2020	3K5TS	3K5TS	HUMAN_OBSERVATION							CC_BY_4_0					2026-06-12T04:17:59.847Z		COUNTRY_DERIVED_FROM_COORDINATES;CONTINENT_DERIVED_FROM_COORDINATES
2975491436	14d5676a-2c54-4f94-9023-1e8dcd822aa0	q-10185315151	Plantae	Tracheophyta	Magnoliopsida	Asterales	Asteraceae	Helianthus	Helianthus annuus		SPECIES	Helianthus annuus L.	Helianthus annuus L.	L.	IN			PRESENT	1	da86174a-a605-43a4-a5e8-53d484152cd3	30.710857	76.716742			273.26	0.0			2020-06-04T13:00:51.765Z	4	6	2020	3K5TS	3K5TS	HUMAN_OBSERVATION							CC_BY_4_0					2026-06-12T04:15:54.210Z		COORDINATE_ROUNDED;COUNTRY_DERIVED_FROM_COORDINATES;CONTINENT_DERIVED_FROM_COORDINATES
2974825714	14d5676a-2c54-4f94-9023-1e8dcd822aa0	q-10143151955	Plantae	Tracheophyta	Magnoliopsida	Asterales	Asteraceae	Helianthus	Helianthus annuus		SPECIES	Helianthus annuus L.	Helianthus annuus L.	L.	IN			PRESENT	1	da86174a-a605-43a4-a5e8-53d484152cd3	25.276183	77.780185							2020-04-10T01:48:08.630Z	10	4	2020	3K5TS	3K5TS	HUMAN_OBSERVATION							CC_BY_4_0					2026-06-12T04:17:05.931Z		COORDINATE_ROUNDED;COUNTRY_DERIVED_FROM_COORDINATES;CONTINENT_DERIVED_FROM_COORDINATES
2974526712	7a3679ef-5582-4aaa-81f0-8c2545cafc81	o-1006708769	Plantae	Tracheophyta	Magnoliopsida	Asterales	Asteraceae	Helianthus	Helianthus annuus		SPECIES	Helianthus annuus L.	Helianthus annuus L.	L.	IN			PRESENT	1	da86174a-a605-43a4-a5e8-53d484152cd3	33.267922	76.170665			1824.0	0.0			2020-05-23T06:31:22.690Z	23	5	2020	3K5TS	3K5TS	HUMAN_OBSERVATION							CC_BY_4_0					2026-06-11T19:37:14.351Z	StillImage	COORDINATE_ROUNDED;COUNTRY_DERIVED_FROM_COORDINATES;CONTINENT_DERIVED_FROM_COORDINATES
2974352961	7a3679ef-5582-4aaa-81f0-8c2545cafc81	o-1007303007	Plantae	Tracheophyta	Magnoliopsida	Asterales	Asteraceae	Helianthus	Helianthus annuus		SPECIES	Helianthus annuus L.	Helianthus annuus L.	L.	IN			PRESENT	1	da86174a-a605-43a4-a5e8-53d484152cd3	26.731853	92.97465			69.0	0.0			2020-06-19T00:24:32.409Z	19	6	2020	3K5TS	3K5TS	HUMAN_OBSERVATION							CC_BY_4_0					2026-06-11T19:38:23.187Z	StillImage	COORDINATE_ROUNDED;COUNTRY_DERIVED_FROM_COORDINATES;CONTINENT_DERIVED_FROM_COORDINATES
2862321042	50c9509d-22c7-4a22-a47d-8c48425ef4a7	https://www.inaturalist.org/observations/58814910	Plantae	Tracheophyta	Magnoliopsida	Asterales	Asteraceae	Helianthus	Helianthus annuus		SPECIES	Helianthus annuus L.	Helianthus annuus		IN		Jammu and Kashmir	PRESENT		28eb1a3f-1c15-4a95-931a-4af90ecb574d	34.103561	77.614273							2020-09-02T07:36:02	2	9	2020	3K5TS	3K5TS	HUMAN_OBSERVATION	iNaturalist	Observations	58814910		Stanzin	2020-09-07T07:14:29	CC_BY_NC_4_0	Stanzin	Stanzin			2026-06-23T18:40:14.093Z	StillImage	COORDINATE_ROUNDED;CONTINENT_DERIVED_FROM_COORDINATES;TAXON_ID_NOT_FOUND
2856721551	50c9509d-22c7-4a22-a47d-8c48425ef4a7	https://www.inaturalist.org/observations/57083568	Plantae	Tracheophyta	Magnoliopsida	Asterales	Asteraceae	Helianthus	Helianthus annuus		SPECIES	Helianthus annuus L.	Helianthus annuus		IN		Tamil Nadu	PRESENT		28eb1a3f-1c15-4a95-931a-4af90ecb574d	11.687405	78.180668	1052.0						2019-02-15T06:48:18	15	2	2019	3K5TS	3K5TS	HUMAN_OBSERVATION	iNaturalist	Observations	57083568		Elavarasan M	2020-08-21T01:16:03	CC_BY_NC_4_0	Elavarasan M	Elavarasan M			2026-06-23T18:47:57.096Z	StillImage	COORDINATE_ROUNDED;CONTINENT_DERIVED_FROM_COORDINATES;TAXON_ID_NOT_FOUND
2856522562	50c9509d-22c7-4a22-a47d-8c48425ef4a7	https://www.inaturalist.org/observations/57084938	Plantae	Tracheophyta	Magnoliopsida	Asterales	Asteraceae	Helianthus	Helianthus annuus		SPECIES	Helianthus annuus L.	Helianthus annuus		IN		Maharashtra	PRESENT		28eb1a3f-1c15-4a95-931a-4af90ecb574d	17.930729	73.647734	3331.0						2016-04-29T06:57	29	4	2016	3K5TS	3K5TS	HUMAN_OBSERVATION	iNaturalist	Observations	57084938		Rajiv Thanawala	2020-08-21T01:33:58	CC_BY_NC_4_0	Rajiv Thanawala	Rajiv Thanawala			2026-06-23T18:40:12.144Z	StillImage	COORDINATE_ROUNDED;CONTINENT_DERIVED_FROM_COORDINATES;TAXON_ID_NOT_FOUND
2856519558	50c9509d-22c7-4a22-a47d-8c48425ef4a7	https://www.inaturalist.org/observations/57084937	Plantae	Tracheophyta	Magnoliopsida	Asterales	Asteraceae	Helianthus	Helianthus annuus		SPECIES	Helianthus annuus L.	Helianthus annuus		IN		Maharashtra	PRESENT		28eb1a3f-1c15-4a95-931a-4af90ecb574d	17.930729	73.647734	3331.0						2016-04-29T06:44	29	4	2016	3K5TS	3K5TS	HUMAN_OBSERVATION	iNaturalist	Observations	57084937		Rajiv Thanawala	2020-08-21T01:33:58	CC_BY_NC_4_0	Rajiv Thanawala	Rajiv Thanawala			2026-06-23T18:47:46.740Z	StillImage	COORDINATE_ROUNDED;CONTINENT_DERIVED_FROM_COORDINATES;TAXON_ID_NOT_FOUND
2856475544	50c9509d-22c7-4a22-a47d-8c48425ef4a7	https://www.inaturalist.org/observations/57084936	Plantae	Tracheophyta	Magnoliopsida	Asterales	Asteraceae	Helianthus	Helianthus annuus		SPECIES	Helianthus annuus L.	Helianthus annuus		IN		Maharashtra	PRESENT		28eb1a3f-1c15-4a95-931a-4af90ecb574d	17.930729	73.647734	3331.0						2016-04-29T06:58	29	4	2016	3K5TS	3K5TS	HUMAN_OBSERVATION	iNaturalist	Observations	57084936		Rajiv Thanawala	2020-08-21T01:33:57	CC_BY_NC_4_0	Rajiv Thanawala	Rajiv Thanawala			2026-06-23T18:51:38.709Z	StillImage	COORDINATE_ROUNDED;CONTINENT_DERIVED_FROM_COORDINATES;TAXON_ID_NOT_FOUND
2818640606	50c9509d-22c7-4a22-a47d-8c48425ef4a7	https://www.inaturalist.org/observations/53225895	Plantae	Tracheophyta	Magnoliopsida	Asterales	Asteraceae	Helianthus	Helianthus annuus		SPECIES	Helianthus annuus L.	Helianthus annuus		IN		Telangana	PRESENT		28eb1a3f-1c15-4a95-931a-4af90ecb574d	17.968901	79.594054	8149.0						2014-02-13T21:54	13	2	2014	3K5TS	3K5TS	HUMAN_OBSERVATION	iNaturalist	Observations	53225895		wadia	2020-07-16T03:47:09	CC_BY_NC_4_0	wadia	wadia			2026-06-23T18:20:09.489Z	StillImage	COORDINATE_ROUNDED;CONTINENT_DERIVED_FROM_COORDINATES;TAXON_ID_NOT_FOUND
2648973941	14d5676a-2c54-4f94-9023-1e8dcd822aa0	q-10098003052	Plantae	Tracheophyta	Magnoliopsida	Asterales	Asteraceae	Helianthus	Helianthus annuus		SPECIES	Helianthus annuus L.	Helianthus annuus L.	L.	IN			PRESENT	1	da86174a-a605-43a4-a5e8-53d484152cd3	31.374821	77.438835			1927.0	0.0			2019-07-27T07:01:43.281Z	27	7	2019	3K5TS	3K5TS	HUMAN_OBSERVATION							CC_BY_4_0					2026-06-12T04:18:12.286Z		COORDINATE_ROUNDED;COUNTRY_DERIVED_FROM_COORDINATES;CONTINENT_DERIVED_FROM_COORDINATES
2648514557	14d5676a-2c54-4f94-9023-1e8dcd822aa0	q-10083759784	Plantae	Tracheophyta	Magnoliopsida	Asterales	Asteraceae	Helianthus	Helianthus annuus		SPECIES	Helianthus annuus L.	Helianthus annuus L.	L.	IN			PRESENT	1	da86174a-a605-43a4-a5e8-53d484152cd3	22.525913	85.807611			203.0	0.0			2019-06-07T13:03:47.135Z	7	6	2019	3K5TS	3K5TS	HUMAN_OBSERVATION							CC_BY_4_0					2026-06-12T04:15:43.848Z		COORDINATE_ROUNDED;COUNTRY_DERIVED_FROM_COORDINATES;CONTINENT_DERIVED_FROM_COORDINATES
2646870193	14d5676a-2c54-4f94-9023-1e8dcd822aa0	q-10129494993	Plantae	Tracheophyta	Magnoliopsida	Asterales	Asteraceae	Helianthus	Helianthus annuus		SPECIES	Helianthus annuus L.	Helianthus annuus L.	L.	IN			PRESENT	1	da86174a-a605-43a4-a5e8-53d484152cd3	28.953273	79.415403							2020-01-31T09:27:51.862Z	31	1	2020	3K5TS	3K5TS	HUMAN_OBSERVATION							CC_BY_4_0					2026-06-12T04:15:38.555Z		COORDINATE_ROUNDED;COUNTRY_DERIVED_FROM_COORDINATES;CONTINENT_DERIVED_FROM_COORDINATES
2646755321	14d5676a-2c54-4f94-9023-1e8dcd822aa0	q-10130147616	Plantae	Tracheophyta	Magnoliopsida	Asterales	Asteraceae	Helianthus	Helianthus annuus		SPECIES	Helianthus annuus L.	Helianthus annuus L.	L.	IN			PRESENT	1	da86174a-a605-43a4-a5e8-53d484152cd3	28.369167	77.539722			115.0	0.0			2020-02-06T04:00:25.967Z	6	2	2020	3K5TS	3K5TS	HUMAN_OBSERVATION							CC_BY_4_0					2026-06-12T04:15:40.345Z		COORDINATE_ROUNDED;COUNTRY_DERIVED_FROM_COORDINATES;CONTINENT_DERIVED_FROM_COORDINATES
2645316856	14d5676a-2c54-4f94-9023-1e8dcd822aa0	q-10083766745	Plantae	Tracheophyta	Magnoliopsida	Asterales	Asteraceae	Helianthus	Helianthus annuus		SPECIES	Helianthus annuus L.	Helianthus annuus L.	L.	IN			PRESENT	1	da86174a-a605-43a4-a5e8-53d484152cd3	22.525913	85.807611			203.0	0.0			2019-06-07T13:27:16.570Z	7	6	2019	3K5TS	3K5TS	HUMAN_OBSERVATION							CC_BY_4_0					2026-06-12T04:15:35.403Z		COORDINATE_ROUNDED;COUNTRY_DERIVED_FROM_COORDINATES;CONTINENT_DERIVED_FROM_COORDINATES
2644942685	14d5676a-2c54-4f94-9023-1e8dcd822aa0	q-10071109195	Plantae	Tracheophyta	Magnoliopsida	Asterales	Asteraceae	Helianthus	Helianthus annuus		SPECIES	Helianthus annuus L.	Helianthus annuus L.	L.	IN			PRESENT	1	da86174a-a605-43a4-a5e8-53d484152cd3	23.99038	84.04747	13.0		226.81	0.0			2019-04-29T11:50:52.821Z	29	4	2019	3K5TS	3K5TS	HUMAN_OBSERVATION							CC_BY_4_0					2026-06-12T04:15:34.908Z		COORDINATE_ROUNDED;COUNTRY_DERIVED_FROM_COORDINATES;CONTINENT_DERIVED_FROM_COORDINATES
2644234372	7a3679ef-5582-4aaa-81f0-8c2545cafc81	o-1005394702	Plantae	Tracheophyta	Magnoliopsida	Asterales	Asteraceae	Helianthus	Helianthus annuus		SPECIES	Helianthus annuus L.	Helianthus annuus L.	L.	IN			PRESENT	1	da86174a-a605-43a4-a5e8-53d484152cd3	9.369693	78.096099			30.98	0.0			2020-01-15T12:07:18Z	15	1	2020	3K5TS	3K5TS	HUMAN_OBSERVATION							CC_BY_4_0					2026-06-11T19:37:04.938Z	StillImage	COORDINATE_ROUNDED;COUNTRY_DERIVED_FROM_COORDINATES;CONTINENT_DERIVED_FROM_COORDINATES
2598678636	c6b86c40-ff71-4e5e-902c-111f400d0d56	https://indiabiodiversity.org/observation/show/1770988	Plantae	Tracheophyta	Magnoliopsida	Asterales	Asteraceae	Helianthus	Helianthus annuus		SPECIES	Helianthus annuus L.	Helianthus annuus L.		IN			PRESENT		62431bdf-fa0c-452b-afce-be14884a47ff	27.476671	94.909569							2018-03-19	19	3	2018	3K5TS	3K5TS	HUMAN_OBSERVATION			1770988		Debasish borah;Sanbusuncha Rabha		CC_BY_4_0		Nihal			2026-06-12T08:59:18.055Z	StillImage	COORDINATE_ROUNDED;GEODETIC_DATUM_ASSUMED_WGS84;COUNTRY_DERIVED_FROM_COORDINATES;CONTINENT_DERIVED_FROM_COORDINATES;IDENTIFIED_DATE_INVALID;TAXON_ID_NOT_FOUND
2598676997	c6b86c40-ff71-4e5e-902c-111f400d0d56	https://indiabiodiversity.org/observation/show/1770056	Plantae	Tracheophyta	Magnoliopsida	Asterales	Asteraceae	Helianthus	Helianthus annuus		SPECIES	Helianthus annuus L.	Helianthus annuus L.		IN			PRESENT		62431bdf-fa0c-452b-afce-be14884a47ff	26.144358	91.642067							2017-09-05	5	9	2017	3K5TS	3K5TS	HUMAN_OBSERVATION			1770056		Dr Paradesi Anjaneyulu;N B Killedar;Nozrul Islam		CC_BY_4_0		Nozrul Islam			2026-06-12T08:59:16.430Z	StillImage	COORDINATE_ROUNDED;GEODETIC_DATUM_ASSUMED_WGS84;COUNTRY_DERIVED_FROM_COORDINATES;CONTINENT_DERIVED_FROM_COORDINATES;IDENTIFIED_DATE_INVALID;TAXON_ID_NOT_FOUND
2456506778	50c9509d-22c7-4a22-a47d-8c48425ef4a7	https://www.inaturalist.org/observations/32885141	Plantae	Tracheophyta	Magnoliopsida	Asterales	Asteraceae	Helianthus	Helianthus annuus		SPECIES	Helianthus annuus L.	Helianthus annuus		IN		West Bengal	PRESENT		28eb1a3f-1c15-4a95-931a-4af90ecb574d	22.54153	88.396357							2019-05-04	4	5	2019	3K5TS	3K5TS	HUMAN_OBSERVATION	iNaturalist	Observations	32885141		Bisal Manna	2019-09-23T13:57:49	CC_BY_NC_4_0	PARAG KOKANE	PARAG KOKANE			2026-06-23T18:47:10.763Z	StillImage	COORDINATE_ROUNDED;CONTINENT_DERIVED_FROM_COORDINATES;TAXON_ID_NOT_FOUND
2429242145	50c9509d-22c7-4a22-a47d-8c48425ef4a7	https://www.inaturalist.org/observations/32329121	Plantae	Tracheophyta	Magnoliopsida	Asterales	Asteraceae	Helianthus	Helianthus annuus		SPECIES	Helianthus annuus L.	Helianthus annuus		IN		Chhattisgarh	PRESENT		28eb1a3f-1c15-4a95-931a-4af90ecb574d	21.818704	83.313404	22.0						2019-06-08T15:33:17	8	6	2019	3K5TS	3K5TS	HUMAN_OBSERVATION	iNaturalist	Observations	32329121		Vivek Patel	2019-09-08T08:52:26	CC_BY_NC_4_0	Vivek Patel	Vivek Patel			2026-06-23T18:47:06.303Z	StillImage	COORDINATE_ROUNDED;CONTINENT_DERIVED_FROM_COORDINATES;TAXON_ID_NOT_FOUND
2331824042	50c9509d-22c7-4a22-a47d-8c48425ef4a7	http://www.inaturalist.org/observations/1535948	Plantae	Tracheophyta	Magnoliopsida	Asterales	Asteraceae	Helianthus	Helianthus annuus		SPECIES	Helianthus annuus L.	Helianthus annuus		IN		Haryana	PRESENT		28eb1a3f-1c15-4a95-931a-4af90ecb574d	30.69461	76.8504							2015-05-16	16	5	2015	3K5TS	3K5TS	HUMAN_OBSERVATION	iNaturalist	Observations	1535948		vikrant009	2015-05-24T08:57:26	CC_BY_NC_4_0	vikrant009	vikrant009			2026-06-23T18:39:49.171Z	StillImage	CONTINENT_DERIVED_FROM_COORDINATES;TAXON_ID_NOT_FOUND
2311270521	50c9509d-22c7-4a22-a47d-8c48425ef4a7	https://www.inaturalist.org/observations/15910373	Plantae	Tracheophyta	Magnoliopsida	Asterales	Asteraceae	Helianthus	Helianthus annuus		SPECIES	Helianthus annuus L.	Helianthus annuus		IN		Tamil Nadu	PRESENT		28eb1a3f-1c15-4a95-931a-4af90ecb574d	10.231379	77.494451	23.0						2018-08-14T08:50	14	8	2018	3K5TS	3K5TS	HUMAN_OBSERVATION	iNaturalist	Observations	15910373		Ashwin Srinivasan	2018-08-26T14:53:09	CC_BY_4_0	Ashwin Srinivasan	Ashwin Srinivasan			2026-06-23T18:54:04.532Z	StillImage	COORDINATE_ROUNDED;CONTINENT_DERIVED_FROM_COORDINATES;TAXON_ID_NOT_FOUND
