crop,region,district,year,start_doy,end_doy,sowing_doy,temp_7d_mean,humidity,rainfall_7d,wind_speed,ndvi,month,day_of_year,bee_richness,bee_count,pollen_tree,pollen_grass,pollen_weed,shannon_diversity,gdd_flowering_doy,ndvi_inflection_doy,ndvi_fit_r2,gdd_method,gdd_confidence,data_source
sunflower,Maharashtra,nashik,2015,209,216,159,27.1,78.5,92.8,12.4,0.5,6,159,17,85,3,5,3,2.5087,209,,,gdd_threshold,high,nasa_power_gdd
sunflower,Maharashtra,nashik,2016,209,216,160,29.0,71.0,2.2,18.2,0.5,6,160,17,68,3,5,3,2.5087,209,,,gdd_threshold,high,nasa_power_gdd
sunflower,Maharashtra,nashik,2017,210,217,159,26.5,83.8,118.0,9.9,0.5,6,159,17,85,3,5,3,2.5087,210,,,gdd_threshold,high,nasa_power_gdd
sunflower,Maharashtra,nashik,2018,209,216,159,28.1,78.2,9.4,19.8,0.884,6,159,17,85,3,5,3,2.5087,209,175.0,0.9635,gdd_threshold,high,nasa_power_gdd
sunflower,Maharashtra,nashik,2019,207,214,159,28.7,69.2,46.0,13.7,0.881,6,159,17,68,3,5,3,2.5087,207,175.0,0.9555,gdd_threshold,high,nasa_power_gdd
sunflower,Maharashtra,nashik,2020,210,217,160,26.1,81.4,172.7,7.5,0.908,6,160,17,51,3,5,3,2.5087,210,176.0,0.9682,gdd_threshold,high,nasa_power_gdd
sunflower,Maharashtra,nashik,2021,209,216,159,26.5,86.2,79.6,16.3,0.89,6,159,17,85,3,5,3,2.5087,209,174.0,0.9705,gdd_threshold,high,nasa_power_gdd
sunflower,Maharashtra,nashik,2022,210,217,159,28.0,72.0,22.9,13.9,0.88,6,159,17,51,3,5,3,2.5087,210,173.0,0.9512,gdd_threshold,high,nasa_power_gdd
sunflower,Maharashtra,nashik,2023,208,215,159,29.6,64.2,10.5,17.1,0.899,6,159,17,85,3,5,3,2.5087,208,176.0,0.9659,gdd_threshold,high,nasa_power_gdd
sunflower,Maharashtra,nashik,2024,209,216,160,27.1,79.3,66.9,12.0,0.892,6,160,17,51,3,5,3,2.5087,209,176.0,0.9542,gdd_threshold,high,nasa_power_gdd
sunflower,Maharashtra,nashik,2025,210,217,159,27.3,81.2,51.5,12.1,0.899,6,159,17,51,3,5,3,2.5087,210,174.0,0.9698,gdd_threshold,high,nasa_power_gdd
sunflower,Maharashtra,pune,2015,218,225,166,24.9,84.9,261.7,18.4,0.5,6,166,376,1504,3,5,3,5.1714,218,,,gdd_threshold,high,nasa_power_gdd
sunflower,Maharashtra,pune,2016,220,227,167,26.7,78.3,51.0,16.2,0.5,6,167,376,1128,3,5,3,5.1714,220,,,gdd_threshold,high,nasa_power_gdd
sunflower,Maharashtra,pune,2017,219,226,166,25.8,84.0,55.5,11.7,0.5,6,166,376,1880,3,5,3,5.1714,219,,,gdd_threshold,high,nasa_power_gdd
sunflower,Maharashtra,pune,2018,219,226,166,26.3,83.7,92.3,14.5,0.86,6,166,376,1880,3,5,3,5.1714,219,177.0,0.9597,gdd_threshold,high,nasa_power_gdd
sunflower,Maharashtra,pune,2019,218,225,166,27.2,76.6,31.6,15.0,0.838,6,166,376,1504,3,5,3,5.1714,218,175.0,0.9605,gdd_threshold,high,nasa_power_gdd
sunflower,Maharashtra,pune,2020,219,226,167,25.6,87.7,100.4,12.4,0.832,6,167,376,1504,3,5,3,5.1714,219,174.0,0.95,gdd_threshold,high,nasa_power_gdd
sunflower,Maharashtra,pune,2021,220,227,166,25.2,89.9,219.2,18.1,0.842,6,166,376,1880,3,5,3,5.1714,220,175.0,0.9598,gdd_threshold,high,nasa_power_gdd
sunflower,Maharashtra,pune,2022,219,226,166,26.6,78.5,47.0,14.7,0.847,6,166,376,1128,3,5,3,5.1714,219,177.0,0.9536,gdd_threshold,high,nasa_power_gdd
sunflower,Maharashtra,pune,2023,218,225,166,28.0,74.4,4.9,17.9,0.857,6,166,376,1880,3,5,3,5.1714,218,177.0,0.9468,gdd_threshold,high,nasa_power_gdd
sunflower,Maharashtra,pune,2024,219,226,167,26.2,84.1,66.2,12.8,0.888,6,167,376,1504,3,5,3,5.1714,219,177.0,0.9714,gdd_threshold,high,nasa_power_gdd
sunflower,Maharashtra,pune,2025,219,226,166,25.2,90.1,241.0,21.8,0.866,6,166,376,1504,3,5,3,5.1714,219,176.0,0.9279,gdd_threshold,high,nasa_power_gdd
sunflower,Maharashtra,solapur,2015,215,222,173,29.2,66.0,3.9,25.6,0.5,6,173,5,15,3,5,3,1.5607,215,,,gdd_threshold,high,nasa_power_gdd
sunflower,Maharashtra,solapur,2016,221,228,174,27.4,71.7,2.7,15.8,0.5,6,174,5,25,3,5,3,1.5607,221,,,gdd_threshold,high,nasa_power_gdd
sunflower,Maharashtra,solapur,2017,218,225,173,28.3,70.6,10.1,19.1,0.5,6,173,5,15,3,5,3,1.5607,218,,,gdd_threshold,high,nasa_power_gdd
sunflower,Maharashtra,solapur,2018,219,226,173,27.3,72.4,24.4,18.2,0.693,6,173,5,25,3,5,3,1.5607,219,175.0,0.9403,gdd_threshold,high,nasa_power_gdd
sunflower,Maharashtra,solapur,2019,218,225,173,27.8,73.3,36.1,12.9,0.697,6,173,5,20,3,5,3,1.5607,218,174.0,0.962,gdd_threshold,high,nasa_power_gdd
sunflower,Maharashtra,solapur,2020,221,228,174,27.9,73.4,67.3,10.2,0.7,6,174,5,20,3,5,3,1.5607,221,176.0,0.9677,gdd_threshold,high,nasa_power_gdd
sunflower,Maharashtra,solapur,2021,219,226,173,27.4,71.8,50.0,14.7,0.689,6,173,5,15,3,5,3,1.5607,219,174.0,0.9577,gdd_threshold,high,nasa_power_gdd
sunflower,Maharashtra,solapur,2022,221,228,173,27.0,74.7,59.6,11.8,0.708,6,173,5,15,3,5,3,1.5607,221,176.0,0.958,gdd_threshold,high,nasa_power_gdd
sunflower,Maharashtra,solapur,2023,219,226,173,28.7,62.7,35.0,18.3,0.68,6,173,5,20,3,5,3,1.5607,219,173.0,0.9519,gdd_threshold,high,nasa_power_gdd
sunflower,Maharashtra,solapur,2024,221,228,174,26.9,77.0,29.9,17.1,0.696,6,174,5,20,3,5,3,1.5607,221,177.0,0.956,gdd_threshold,high,nasa_power_gdd
sunflower,Maharashtra,solapur,2025,219,226,173,27.4,74.8,7.5,21.1,0.723,6,173,5,25,3,5,3,1.5607,219,177.0,0.9643,gdd_threshold,high,nasa_power_gdd
sunflower,Maharashtra,aurangabad,2015,212,219,166,26.6,79.1,76.4,12.3,0.5,6,166,38,114,3,5,3,3.5757,212,,,gdd_threshold,high,nasa_power_gdd
sunflower,Maharashtra,aurangabad,2016,214,221,167,30.0,60.5,40.9,15.1,0.5,6,167,38,114,3,5,3,3.5757,214,,,gdd_threshold,high,nasa_power_gdd
sunflower,Maharashtra,aurangabad,2017,212,219,166,28.6,72.2,39.0,12.8,0.5,6,166,38,190,3,5,3,3.5757,212,,,gdd_threshold,high,nasa_power_gdd
sunflower,Maharashtra,aurangabad,2018,213,220,166,29.9,59.7,48.5,12.9,0.752,6,166,38,190,3,5,3,3.5757,213,175.0,0.9671,gdd_threshold,high,nasa_power_gdd
sunflower,Maharashtra,aurangabad,2019,211,218,166,31.9,49.0,2.8,17.4,0.755,6,166,38,190,3,5,3,3.5757,211,176.0,0.9598,gdd_threshold,high,nasa_power_gdd
sunflower,Maharashtra,aurangabad,2020,214,221,167,27.7,77.9,41.9,10.3,0.756,6,167,38,152,3,5,3,3.5757,214,175.0,0.9572,gdd_threshold,high,nasa_power_gdd
sunflower,Maharashtra,aurangabad,2021,212,219,166,28.0,72.8,17.5,16.2,0.723,6,166,38,190,3,5,3,3.5757,212,172.0,0.9557,gdd_threshold,high,nasa_power_gdd
sunflower,Maharashtra,aurangabad,2022,214,221,166,28.2,69.3,29.1,11.2,0.755,6,166,38,114,3,5,3,3.5757,214,176.0,0.9599,gdd_threshold,high,nasa_power_gdd
sunflower,Maharashtra,aurangabad,2023,211,218,166,31.7,51.7,0.0,20.0,0.754,6,166,38,114,3,5,3,3.5757,211,177.0,0.9584,gdd_threshold,high,nasa_power_gdd
sunflower,Maharashtra,aurangabad,2024,214,221,167,28.2,73.4,20.8,11.5,0.741,6,167,38,190,3,5,3,3.5757,214,175.0,0.956,gdd_threshold,high,nasa_power_gdd
sunflower,Maharashtra,aurangabad,2025,213,220,166,28.1,74.9,17.0,18.9,0.752,6,166,38,190,3,5,3,3.5757,213,175.0,0.9471,gdd_threshold,high,nasa_power_gdd
sunflower,Maharashtra,nagpur,2015,204,211,161,31.3,62.9,135.9,7.8,0.5,6,161,36,180,3,5,3,3.5317,204,,,gdd_threshold,high,nasa_power_gdd
sunflower,Maharashtra,nagpur,2016,203,210,162,35.4,41.0,8.8,13.1,0.5,6,162,36,180,3,5,3,3.5317,203,,,gdd_threshold,high,nasa_power_gdd
sunflower,Maharashtra,nagpur,2017,202,209,161,31.3,66.1,39.7,9.9,0.5,6,161,36,180,3,5,3,3.5317,202,,,gdd_threshold,high,nasa_power_gdd
sunflower,Maharashtra,nagpur,2018,205,212,161,31.2,65.8,52.5,13.8,0.886,6,161,36,180,3,5,3,3.5317,205,175.0,0.9579,gdd_threshold,high,nasa_power_gdd
sunflower,Maharashtra,nagpur,2019,199,206,161,37.4,34.4,8.6,12.8,0.895,6,161,36,180,3,5,3,3.5317,199,174.0,0.9547,gdd_threshold,high,nasa_power_gdd
sunflower,Maharashtra,nagpur,2020,205,212,162,30.3,71.9,85.6,6.9,0.883,6,162,36,144,3,5,3,3.5317,205,178.0,0.9512,gdd_threshold,high,nasa_power_gdd
sunflower,Maharashtra,nagpur,2021,204,211,161,29.1,79.3,88.6,12.8,0.898,6,161,36,144,3,5,3,3.5317,204,174.0,0.9567,gdd_threshold,high,nasa_power_gdd
sunflower,Maharashtra,nagpur,2022,203,210,161,34.2,49.1,17.4,10.8,0.885,6,161,36,144,3,5,3,3.5317,203,174.0,0.9616,gdd_threshold,high,nasa_power_gdd
sunflower,Maharashtra,nagpur,2023,200,207,161,37.6,29.4,1.0,13.5,0.886,6,161,36,180,3,5,3,3.5317,200,173.0,0.9528,gdd_threshold,high,nasa_power_gdd
sunflower,Maharashtra,nagpur,2024,202,209,162,35.0,45.4,9.4,9.2,0.912,6,162,36,144,3,5,3,3.5317,202,179.0,0.9629,gdd_threshold,high,nasa_power_gdd
sunflower,Maharashtra,nagpur,2025,204,211,161,32.7,57.9,20.1,10.0,0.907,6,161,36,144,3,5,3,3.5317,204,175.0,0.9573,gdd_threshold,high,nasa_power_gdd
sunflower,Maharashtra,amravati,2015,205,212,161,29.7,68.1,112.7,12.2,0.5,6,161,6,30,3,5,3,1.3,205,,,gdd_threshold,high,nasa_power_gdd
sunflower,Maharashtra,amravati,2016,205,212,162,33.8,44.4,1.3,19.0,0.5,6,162,6,30,3,5,3,1.3,205,,,gdd_threshold,high,nasa_power_gdd
sunflower,Maharashtra,amravati,2017,203,210,161,30.2,67.8,37.8,10.1,0.5,6,161,6,24,3,5,3,1.3,203,,,gdd_threshold,high,nasa_power_gdd
sunflower,Maharashtra,amravati,2018,206,213,161,30.7,62.9,46.8,16.5,0.859,6,161,6,24,3,5,3,1.3,206,175.0,0.9426,gdd_threshold,high,nasa_power_gdd
sunflower,Maharashtra,amravati,2019,200,207,161,35.8,36.1,2.2,14.7,0.842,6,161,6,24,3,5,3,1.3,200,174.0,0.9608,gdd_threshold,high,nasa_power_gdd
sunflower,Maharashtra,amravati,2020,205,212,162,29.6,71.4,63.4,8.7,0.862,6,162,6,18,3,5,3,1.3,205,178.0,0.9577,gdd_threshold,high,nasa_power_gdd
sunflower,Maharashtra,amravati,2021,205,212,161,28.6,77.2,111.7,14.0,0.857,6,161,6,24,3,5,3,1.3,205,177.0,0.9639,gdd_threshold,high,nasa_power_gdd
sunflower,Maharashtra,amravati,2022,206,213,161,31.2,59.1,52.3,11.6,0.832,6,161,6,24,3,5,3,1.3,206,175.0,0.956,gdd_threshold,high,nasa_power_gdd
sunflower,Maharashtra,amravati,2023,201,208,161,35.6,35.3,2.2,15.6,0.833,6,161,6,18,3,5,3,1.3,201,174.0,0.9558,gdd_threshold,high,nasa_power_gdd
sunflower,Maharashtra,amravati,2024,204,211,162,31.8,60.1,32.8,12.7,0.846,6,162,6,18,3,5,3,1.3,204,175.0,0.9627,gdd_threshold,high,nasa_power_gdd
sunflower,Maharashtra,amravati,2025,205,212,161,32.1,60.5,26.1,10.9,0.831,6,161,6,30,3,5,3,1.3,205,174.0,0.9602,gdd_threshold,high,nasa_power_gdd
sunflower,Maharashtra,kolhapur,2015,206,213,156,27.4,75.5,28.6,11.4,0.5,6,156,12,36,3,5,3,1.8173,206,,,gdd_threshold,high,nasa_power_gdd
sunflower,Maharashtra,kolhapur,2016,210,217,157,25.9,82.4,89.4,12.4,0.5,6,157,12,36,3,5,3,1.8173,210,,,gdd_threshold,high,nasa_power_gdd
sunflower,Maharashtra,kolhapur,2017,207,214,156,26.1,78.9,47.7,16.3,0.5,6,156,12,60,3,5,3,1.8173,207,,,gdd_threshold,high,nasa_power_gdd
sunflower,Maharashtra,kolhapur,2018,209,216,156,25.4,86.9,151.4,15.2,0.9,6,156,12,48,3,5,3,1.8173,209,172.0,0.9488,gdd_threshold,high,nasa_power_gdd
sunflower,Maharashtra,kolhapur,2019,204,211,156,30.6,64.3,15.6,10.3,0.912,6,156,12,60,3,5,3,1.8173,204,177.0,0.9592,gdd_threshold,high,nasa_power_gdd
sunflower,Maharashtra,kolhapur,2020,209,216,157,26.0,79.4,26.8,14.1,0.906,6,157,12,36,3,5,3,1.8173,209,175.0,0.9593,gdd_threshold,high,nasa_power_gdd
sunflower,Maharashtra,kolhapur,2021,210,217,156,25.3,83.6,47.9,13.7,0.907,6,156,12,48,3,5,3,1.8173,210,173.0,0.974,gdd_threshold,high,nasa_power_gdd
sunflower,Maharashtra,kolhapur,2022,208,215,156,26.7,78.2,30.2,11.3,0.909,6,156,12,36,3,5,3,1.8173,208,173.0,0.9515,gdd_threshold,high,nasa_power_gdd
sunflower,Maharashtra,kolhapur,2023,205,212,156,28.7,69.5,12.4,13.7,0.903,6,156,12,48,3,5,3,1.8173,205,173.0,0.9625,gdd_threshold,high,nasa_power_gdd
sunflower,Maharashtra,kolhapur,2024,209,216,157,25.8,84.3,118.7,12.1,0.907,6,157,12,36,3,5,3,1.8173,209,175.0,0.9544,gdd_threshold,high,nasa_power_gdd
sunflower,Maharashtra,kolhapur,2025,209,216,156,25.6,85.6,39.9,11.8,0.903,6,156,12,36,3,5,3,1.8173,209,174.0,0.9389,gdd_threshold,high,nasa_power_gdd
sunflower,Maharashtra,satara,2015,212,219,161,25.5,82.6,85.4,11.9,0.5,6,161,28,112,3,5,3,2.7722,212,,,gdd_threshold,high,nasa_power_gdd
sunflower,Maharashtra,satara,2016,214,221,162,26.5,83.2,63.1,14.0,0.5,6,162,28,112,3,5,3,2.7722,214,,,gdd_threshold,high,nasa_power_gdd
sunflower,Maharashtra,satara,2017,213,220,161,25.4,85.6,101.1,10.3,0.5,6,161,28,84,3,5,3,2.7722,213,,,gdd_threshold,high,nasa_power_gdd
sunflower,Maharashtra,satara,2018,213,220,161,26.7,86.2,67.3,16.5,0.891,6,161,28,84,3,5,3,2.7722,213,175.0,0.9594,gdd_threshold,high,nasa_power_gdd
sunflower,Maharashtra,satara,2019,211,218,161,28.2,76.8,74.2,15.0,0.902,6,161,28,140,3,5,3,2.7722,211,177.0,0.9604,gdd_threshold,high,nasa_power_gdd
sunflower,Maharashtra,satara,2020,214,221,162,25.3,88.5,126.0,13.1,0.897,6,162,28,140,3,5,3,2.7722,214,176.0,0.9642,gdd_threshold,high,nasa_power_gdd
sunflower,Maharashtra,satara,2021,214,221,161,25.4,90.4,228.4,15.6,0.892,6,161,28,84,3,5,3,2.7722,214,176.0,0.9517,gdd_threshold,high,nasa_power_gdd
sunflower,Maharashtra,satara,2022,213,220,161,26.9,78.5,50.3,11.3,0.891,6,161,28,112,3,5,3,2.7722,213,176.0,0.9544,gdd_threshold,high,nasa_power_gdd
sunflower,Maharashtra,satara,2023,211,218,161,28.3,74.0,23.0,17.2,0.896,6,161,28,84,3,5,3,2.7722,211,174.0,0.9543,gdd_threshold,high,nasa_power_gdd
sunflower,Maharashtra,satara,2024,213,220,162,26.1,85.7,72.3,10.7,0.905,6,162,28,140,3,5,3,2.7722,213,176.0,0.9719,gdd_threshold,high,nasa_power_gdd
sunflower,Maharashtra,satara,2025,213,220,161,25.7,91.1,206.4,14.4,0.889,6,161,28,140,3,5,3,2.7722,213,175.0,0.9598,gdd_threshold,high,nasa_power_gdd
sunflower,Maharashtra,jalgaon,2015,215,222,171,28.5,77.3,42.1,15.5,0.5,6,171,147,588,3,5,3,4.4219,215,,,gdd_threshold,high,nasa_power_gdd
sunflower,Maharashtra,jalgaon,2016,217,224,172,29.2,74.4,54.3,7.9,0.5,6,172,147,735,3,5,3,4.4219,217,,,gdd_threshold,high,nasa_power_gdd
sunflower,Maharashtra,jalgaon,2017,215,222,171,29.7,69.9,19.7,12.7,0.5,6,171,147,588,3,5,3,4.4219,215,,,gdd_threshold,high,nasa_power_gdd
sunflower,Maharashtra,jalgaon,2018,216,223,171,29.9,70.2,80.6,10.9,0.787,6,171,147,735,3,5,3,4.4219,216,173.0,0.9616,gdd_threshold,high,nasa_power_gdd
sunflower,Maharashtra,jalgaon,2019,215,222,171,32.1,58.5,43.1,11.6,0.771,6,171,147,735,3,5,3,4.4219,215,174.0,0.9598,gdd_threshold,high,nasa_power_gdd
sunflower,Maharashtra,jalgaon,2020,216,223,172,29.6,73.1,26.9,8.3,0.784,6,172,147,441,3,5,3,4.4219,216,176.0,0.9557,gdd_threshold,high,nasa_power_gdd
sunflower,Maharashtra,jalgaon,2021,214,221,171,28.7,71.5,31.1,15.2,0.817,6,171,147,441,3,5,3,4.4219,214,177.0,0.9394,gdd_threshold,high,nasa_power_gdd
sunflower,Maharashtra,jalgaon,2022,217,224,171,28.9,73.9,59.8,8.5,0.775,6,171,147,735,3,5,3,4.4219,217,176.0,0.961,gdd_threshold,high,nasa_power_gdd
sunflower,Maharashtra,jalgaon,2023,214,221,171,31.6,53.5,14.8,15.8,0.827,6,171,147,588,3,5,3,4.4219,214,176.0,0.951,gdd_threshold,high,nasa_power_gdd
sunflower,Maharashtra,jalgaon,2024,216,223,172,30.2,71.6,47.6,8.3,0.776,6,172,147,588,3,5,3,4.4219,216,176.0,0.9404,gdd_threshold,high,nasa_power_gdd
sunflower,Maharashtra,jalgaon,2025,215,222,171,28.7,73.9,50.6,15.2,0.821,6,171,147,588,3,5,3,4.4219,215,173.0,0.9617,gdd_threshold,high,nasa_power_gdd
sunflower,Maharashtra,latur,2015,215,222,171,27.6,71.5,13.3,25.6,0.5,6,171,4,20,3,5,3,0.7963,215,,,gdd_threshold,high,nasa_power_gdd
sunflower,Maharashtra,latur,2016,221,228,172,27.3,71.8,22.4,11.4,0.5,6,172,4,16,3,5,3,0.7963,221,,,gdd_threshold,high,nasa_power_gdd
sunflower,Maharashtra,latur,2017,217,224,171,27.9,70.3,14.6,16.7,0.5,6,171,4,20,3,5,3,0.7963,217,,,gdd_threshold,high,nasa_power_gdd
sunflower,Maharashtra,latur,2018,218,225,171,27.1,74.4,43.6,12.9,0.753,6,171,4,16,3,5,3,0.7963,218,176.0,0.9578,gdd_threshold,high,nasa_power_gdd
sunflower,Maharashtra,latur,2019,217,224,171,28.9,65.2,37.8,10.6,0.749,6,171,4,12,3,5,3,0.7963,217,174.0,0.9547,gdd_threshold,high,nasa_power_gdd
sunflower,Maharashtra,latur,2020,221,228,172,27.5,73.7,25.3,10.1,0.774,6,172,4,20,3,5,3,0.7963,221,177.0,0.9654,gdd_threshold,high,nasa_power_gdd
sunflower,Maharashtra,latur,2021,219,226,171,26.8,72.1,9.4,15.6,0.757,6,171,4,20,3,5,3,0.7963,219,177.0,0.9462,gdd_threshold,high,nasa_power_gdd
sunflower,Maharashtra,latur,2022,221,228,171,26.6,75.7,93.0,10.6,0.758,6,171,4,16,3,5,3,0.7963,221,175.0,0.9562,gdd_threshold,high,nasa_power_gdd
sunflower,Maharashtra,latur,2023,218,225,171,29.5,57.3,21.5,15.9,0.747,6,171,4,20,3,5,3,0.7963,218,175.0,0.9628,gdd_threshold,high,nasa_power_gdd
sunflower,Maharashtra,latur,2024,220,227,172,27.2,77.5,31.0,13.6,0.76,6,172,4,16,3,5,3,0.7963,220,175.0,0.9558,gdd_threshold,high,nasa_power_gdd
sunflower,Maharashtra,latur,2025,218,225,171,27.4,73.0,17.4,21.4,0.753,6,171,4,12,3,5,3,0.7963,218,176.0,0.9496,gdd_threshold,high,nasa_power_gdd
mustard,Maharashtra,nashik,2015,351,358,304,23.1,68.9,0.0,5.5,0.5,10,304,17,85,3,2,3,2.5087,351,,,days_after_sowing,low,nasa_power_gdd
mustard,Maharashtra,nashik,2016,352,359,305,20.2,69.5,0.0,7.2,0.5,10,305,17,68,3,2,3,2.5087,352,,,days_after_sowing,low,nasa_power_gdd
mustard,Maharashtra,nashik,2017,351,358,304,20.8,66.7,0.0,7.7,0.5,10,304,17,51,3,2,3,2.5087,351,,,days_after_sowing,low,nasa_power_gdd
mustard,Maharashtra,nashik,2018,351,358,304,25.2,60.3,4.6,6.4,0.884,10,304,17,51,3,2,3,2.5087,351,319.0,0.9568,days_after_sowing,low,nasa_power_gdd
mustard,Maharashtra,nashik,2019,351,358,304,23.3,85.7,35.9,6.4,0.879,10,304,17,51,3,2,3,2.5087,351,319.0,0.9476,days_after_sowing,low,nasa_power_gdd
mustard,Maharashtra,nashik,2020,352,359,305,22.4,74.6,0.0,4.9,0.923,10,305,17,51,3,2,3,2.5087,352,320.0,0.9636,days_after_sowing,low,nasa_power_gdd
mustard,Maharashtra,nashik,2021,351,358,304,22.2,78.0,13.4,6.3,0.892,10,304,17,68,3,2,3,2.5087,351,318.0,0.9663,days_after_sowing,low,nasa_power_gdd
mustard,Maharashtra,nashik,2022,351,358,304,20.5,76.2,0.0,7.6,0.879,10,304,17,51,3,2,3,2.5087,351,317.0,0.9429,days_after_sowing,low,nasa_power_gdd
mustard,Maharashtra,nashik,2023,351,358,304,22.6,65.9,0.0,7.8,0.911,10,304,17,85,3,2,3,2.5087,351,320.0,0.9595,days_after_sowing,low,nasa_power_gdd
mustard,Maharashtra,nashik,2024,352,359,305,22.8,76.2,0.0,7.0,0.893,10,305,17,68,3,2,3,2.5087,352,320.0,0.9467,days_after_sowing,low,nasa_power_gdd
mustard,Maharashtra,nashik,2025,351,358,304,22.9,87.3,10.8,6.0,0.899,10,304,17,68,3,2,3,2.5087,351,318.0,0.9632,days_after_sowing,low,nasa_power_gdd
mustard,Maharashtra,pune,2015,356,363,309,23.3,66.9,0.0,7.2,0.5,11,309,376,1504,2,1,2,5.1714,356,,,days_after_sowing,low,nasa_power_gdd
mustard,Maharashtra,pune,2016,357,364,310,19.2,66.1,0.0,6.5,0.5,11,310,376,1504,2,1,2,5.1714,357,,,days_after_sowing,low,nasa_power_gdd
mustard,Maharashtra,pune,2017,356,363,309,20.3,73.5,0.0,7.8,0.5,11,309,376,1504,2,1,2,5.1714,356,,,days_after_sowing,low,nasa_power_gdd
mustard,Maharashtra,pune,2018,356,363,309,23.3,67.9,9.7,4.9,0.865,11,309,376,1504,2,1,2,5.1714,356,321.0,0.9555,days_after_sowing,low,nasa_power_gdd
mustard,Maharashtra,pune,2019,356,363,309,22.8,84.6,8.6,4.3,0.834,11,309,376,1128,2,1,2,5.1714,356,319.0,0.9557,days_after_sowing,low,nasa_power_gdd
mustard,Maharashtra,pune,2020,357,364,310,20.1,76.5,0.0,8.3,0.833,11,310,376,1504,2,1,2,5.1714,357,318.0,0.9435,days_after_sowing,low,nasa_power_gdd
mustard,Maharashtra,pune,2021,356,363,309,21.5,79.3,10.3,8.4,0.842,11,309,376,1880,2,1,2,5.1714,356,319.0,0.9542,days_after_sowing,low,nasa_power_gdd
mustard,Maharashtra,pune,2022,356,363,309,20.8,75.5,0.0,7.7,0.853,11,309,376,1880,2,1,2,5.1714,356,321.0,0.9473,days_after_sowing,low,nasa_power_gdd
mustard,Maharashtra,pune,2023,356,363,309,23.3,82.8,20.2,7.0,0.864,11,309,376,1128,2,1,2,5.1714,356,321.0,0.9402,days_after_sowing,low,nasa_power_gdd
mustard,Maharashtra,pune,2024,357,364,310,21.7,78.9,0.0,8.0,0.92,11,310,376,1128,2,1,2,5.1714,357,322.0,0.9671,days_after_sowing,low,nasa_power_gdd
mustard,Maharashtra,pune,2025,356,363,309,19.8,73.9,0.2,5.0,0.914,11,309,376,1128,2,1,2,5.1714,356,320.0,0.9211,days_after_sowing,low,nasa_power_gdd
mustard,Maharashtra,solapur,2015,361,365,314,25.6,46.7,0.0,9.3,0.5,11,314,5,25,2,1,2,1.5607,361,,,days_after_sowing,low,nasa_power_gdd
mustard,Maharashtra,solapur,2016,362,365,315,22.1,63.7,1.5,6.6,0.5,11,315,5,15,2,1,2,1.5607,362,,,days_after_sowing,low,nasa_power_gdd
mustard,Maharashtra,solapur,2017,361,365,314,22.6,64.3,0.0,5.4,0.5,11,314,5,20,2,1,2,1.5607,361,,,days_after_sowing,low,nasa_power_gdd
mustard,Maharashtra,solapur,2018,361,365,314,25.3,30.0,0.0,6.6,0.694,11,314,5,25,2,1,2,1.5607,361,319.0,0.9319,days_after_sowing,low,nasa_power_gdd
mustard,Maharashtra,solapur,2019,361,365,314,23.9,77.7,0.2,7.3,0.694,11,314,5,20,2,1,2,1.5607,361,318.0,0.9571,days_after_sowing,low,nasa_power_gdd
mustard,Maharashtra,solapur,2020,362,365,315,23.0,78.2,0.0,8.1,0.696,11,315,5,20,2,1,2,1.5607,362,320.0,0.9632,days_after_sowing,low,nasa_power_gdd
mustard,Maharashtra,solapur,2021,361,365,314,24.2,78.2,3.0,7.7,0.682,11,314,5,25,2,1,2,1.5607,361,318.0,0.9504,days_after_sowing,low,nasa_power_gdd
mustard,Maharashtra,solapur,2022,361,365,314,22.3,72.9,0.0,8.2,0.712,11,314,5,25,2,1,2,1.5607,361,320.0,0.952,days_after_sowing,low,nasa_power_gdd
mustard,Maharashtra,solapur,2023,361,365,314,25.3,65.2,1.2,7.0,0.673,11,314,5,15,2,1,2,1.5607,361,316.0,0.9447,days_after_sowing,low,nasa_power_gdd
mustard,Maharashtra,solapur,2024,362,365,315,23.8,74.1,0.5,8.0,0.696,11,315,5,20,2,1,2,1.5607,362,321.0,0.9479,days_after_sowing,low,nasa_power_gdd
mustard,Maharashtra,solapur,2025,361,365,314,20.2,68.3,0.0,7.3,0.749,11,314,5,20,2,1,2,1.5607,361,321.0,0.96,days_after_sowing,low,nasa_power_gdd
mustard,Maharashtra,aurangabad,2015,356,363,309,26.0,49.4,0.0,7.3,0.5,11,309,38,152,2,1,2,3.5757,356,,,days_after_sowing,low,nasa_power_gdd
mustard,Maharashtra,aurangabad,2016,357,364,310,21.1,54.6,0.0,4.9,0.5,11,310,38,114,2,1,2,3.5757,357,,,days_after_sowing,low,nasa_power_gdd
mustard,Maharashtra,aurangabad,2017,356,363,309,20.4,68.5,0.0,5.9,0.5,11,309,38,190,2,1,2,3.5757,356,,,days_after_sowing,low,nasa_power_gdd
mustard,Maharashtra,aurangabad,2018,356,363,309,25.6,41.1,2.4,4.8,0.747,11,309,38,152,2,1,2,3.5757,356,319.0,0.9616,days_after_sowing,low,nasa_power_gdd
mustard,Maharashtra,aurangabad,2019,356,363,309,23.4,80.2,0.7,4.0,0.754,11,309,38,114,2,1,2,3.5757,356,320.0,0.9542,days_after_sowing,low,nasa_power_gdd
mustard,Maharashtra,aurangabad,2020,357,364,310,19.4,71.2,0.0,5.6,0.755,11,310,38,152,2,1,2,3.5757,357,319.0,0.9508,days_after_sowing,low,nasa_power_gdd
mustard,Maharashtra,aurangabad,2021,356,363,309,20.9,77.2,0.6,6.4,0.72,11,309,38,190,2,1,2,3.5757,356,316.0,0.9502,days_after_sowing,low,nasa_power_gdd
mustard,Maharashtra,aurangabad,2022,356,363,309,21.9,73.1,0.0,4.8,0.775,11,309,38,152,2,1,2,3.5757,356,320.0,0.9559,days_after_sowing,low,nasa_power_gdd
mustard,Maharashtra,aurangabad,2023,356,363,309,23.9,64.5,0.4,6.9,0.755,11,309,38,190,2,1,2,3.5757,356,321.0,0.9539,days_after_sowing,low,nasa_power_gdd
mustard,Maharashtra,aurangabad,2024,357,364,310,22.4,76.8,0.0,5.3,0.74,11,310,38,190,2,1,2,3.5757,357,319.0,0.9515,days_after_sowing,low,nasa_power_gdd
mustard,Maharashtra,aurangabad,2025,356,363,309,20.0,65.9,0.0,5.4,0.751,11,309,38,114,2,1,2,3.5757,356,319.0,0.9385,days_after_sowing,low,nasa_power_gdd
mustard,Maharashtra,nagpur,2015,346,353,299,24.2,77.4,10.4,5.3,0.5,10,299,36,180,3,2,3,3.5317,346,,,days_after_sowing,low,nasa_power_gdd
mustard,Maharashtra,nagpur,2016,347,354,300,21.5,75.5,0.0,5.6,0.5,10,300,36,144,3,2,3,3.5317,347,,,days_after_sowing,low,nasa_power_gdd
mustard,Maharashtra,nagpur,2017,346,353,299,23.9,63.3,0.0,2.8,0.5,10,299,36,180,3,2,3,3.5317,346,,,days_after_sowing,low,nasa_power_gdd
mustard,Maharashtra,nagpur,2018,346,353,299,25.1,64.0,0.0,5.8,0.888,10,299,36,108,3,2,3,3.5317,346,318.0,0.9518,days_after_sowing,low,nasa_power_gdd
mustard,Maharashtra,nagpur,2019,346,353,299,24.0,85.8,31.8,4.9,0.895,10,299,36,144,3,2,3,3.5317,346,318.0,0.9473,days_after_sowing,low,nasa_power_gdd
mustard,Maharashtra,nagpur,2020,347,354,300,23.1,72.0,0.2,3.9,0.892,10,300,36,180,3,2,3,3.5317,347,322.0,0.9436,days_after_sowing,low,nasa_power_gdd
mustard,Maharashtra,nagpur,2021,346,353,299,21.0,75.3,0.0,6.4,0.915,10,299,36,108,3,2,3,3.5317,346,318.0,0.95,days_after_sowing,low,nasa_power_gdd
mustard,Maharashtra,nagpur,2022,346,353,299,21.1,73.4,0.0,4.0,0.884,10,299,36,180,3,2,3,3.5317,346,318.0,0.9556,days_after_sowing,low,nasa_power_gdd
mustard,Maharashtra,nagpur,2023,346,353,299,20.8,77.3,0.0,5.3,0.891,10,299,36,144,3,2,3,3.5317,346,317.0,0.9451,days_after_sowing,low,nasa_power_gdd
mustard,Maharashtra,nagpur,2024,347,354,300,24.8,80.5,0.0,5.4,0.928,10,300,36,108,3,2,3,3.5317,347,323.0,0.9539,days_after_sowing,low,nasa_power_gdd
mustard,Maharashtra,nagpur,2025,346,353,299,25.7,88.7,37.3,8.7,0.915,10,299,36,108,3,2,3,3.5317,346,319.0,0.9506,days_after_sowing,low,nasa_power_gdd
mustard,Maharashtra,amravati,2015,346,353,299,25.2,69.2,5.1,6.0,0.5,10,299,6,30,3,2,3,1.3,346,,,days_after_sowing,low,nasa_power_gdd
mustard,Maharashtra,amravati,2016,347,354,300,21.6,64.5,0.0,5.0,0.5,10,300,6,30,3,2,3,1.3,347,,,days_after_sowing,low,nasa_power_gdd
mustard,Maharashtra,amravati,2017,346,353,299,24.5,59.4,0.0,3.8,0.5,10,299,6,18,3,2,3,1.3,346,,,days_after_sowing,low,nasa_power_gdd
mustard,Maharashtra,amravati,2018,346,353,299,26.0,50.9,0.0,6.8,0.859,10,299,6,30,3,2,3,1.3,346,319.0,0.9349,days_after_sowing,low,nasa_power_gdd
mustard,Maharashtra,amravati,2019,346,353,299,23.7,89.1,44.7,6.5,0.84,10,299,6,30,3,2,3,1.3,346,317.0,0.9552,days_after_sowing,low,nasa_power_gdd
mustard,Maharashtra,amravati,2020,347,354,300,23.5,67.9,0.3,3.7,0.866,10,300,6,18,3,2,3,1.3,347,321.0,0.9517,days_after_sowing,low,nasa_power_gdd
mustard,Maharashtra,amravati,2021,346,353,299,20.9,73.2,0.0,5.7,0.872,10,299,6,18,3,2,3,1.3,346,321.0,0.9599,days_after_sowing,low,nasa_power_gdd
mustard,Maharashtra,amravati,2022,346,353,299,21.4,73.6,0.0,4.3,0.835,10,299,6,30,3,2,3,1.3,346,319.0,0.9522,days_after_sowing,low,nasa_power_gdd
mustard,Maharashtra,amravati,2023,346,353,299,21.9,71.2,0.0,5.8,0.83,10,299,6,30,3,2,3,1.3,346,318.0,0.9496,days_after_sowing,low,nasa_power_gdd
mustard,Maharashtra,amravati,2024,347,354,300,24.2,75.1,0.0,4.8,0.847,10,300,6,30,3,2,3,1.3,347,319.0,0.958,days_after_sowing,low,nasa_power_gdd
mustard,Maharashtra,amravati,2025,346,353,299,25.6,86.6,47.9,7.4,0.821,10,299,6,24,3,2,3,1.3,346,318.0,0.9545,days_after_sowing,low,nasa_power_gdd
mustard,Maharashtra,kolhapur,2015,351,358,304,26.3,68.5,2.7,5.0,0.5,10,304,12,60,3,2,3,1.8173,351,,,days_after_sowing,low,nasa_power_gdd
mustard,Maharashtra,kolhapur,2016,352,359,305,22.5,71.4,0.1,7.3,0.5,10,305,12,60,3,2,3,1.8173,352,,,days_after_sowing,low,nasa_power_gdd
mustard,Maharashtra,kolhapur,2017,351,358,304,21.5,78.5,0.0,10.0,0.5,10,304,12,36,3,2,3,1.8173,351,,,days_after_sowing,low,nasa_power_gdd
mustard,Maharashtra,kolhapur,2018,351,358,304,24.2,69.6,4.1,6.8,0.903,10,304,12,48,3,2,3,1.8173,351,316.0,0.9409,days_after_sowing,low,nasa_power_gdd
mustard,Maharashtra,kolhapur,2019,351,358,304,23.8,87.0,10.4,6.6,0.919,10,304,12,48,3,2,3,1.8173,351,321.0,0.9551,days_after_sowing,low,nasa_power_gdd
mustard,Maharashtra,kolhapur,2020,352,359,305,22.6,78.4,0.0,6.9,0.911,10,305,12,60,3,2,3,1.8173,352,319.0,0.9551,days_after_sowing,low,nasa_power_gdd
mustard,Maharashtra,kolhapur,2021,351,358,304,24.3,84.3,8.4,7.3,0.91,10,304,12,48,3,2,3,1.8173,351,316.0,0.971,days_after_sowing,low,nasa_power_gdd
mustard,Maharashtra,kolhapur,2022,351,358,304,22.2,82.3,0.0,8.1,0.922,10,304,12,36,3,2,3,1.8173,351,317.0,0.9477,days_after_sowing,low,nasa_power_gdd
mustard,Maharashtra,kolhapur,2023,351,358,304,24.8,74.4,1.5,6.6,0.906,10,304,12,60,3,2,3,1.8173,351,317.0,0.9569,days_after_sowing,low,nasa_power_gdd
mustard,Maharashtra,kolhapur,2024,352,359,305,23.7,84.1,4.8,8.1,0.914,10,305,12,36,3,2,3,1.8173,352,319.0,0.9474,days_after_sowing,low,nasa_power_gdd
mustard,Maharashtra,kolhapur,2025,351,358,304,22.7,89.2,23.1,7.2,0.906,10,304,12,36,3,2,3,1.8173,351,318.0,0.9311,days_after_sowing,low,nasa_power_gdd
mustard,Maharashtra,satara,2015,351,358,304,24.9,75.4,1.3,5.1,0.5,10,304,28,84,3,2,3,2.7722,351,,,days_after_sowing,low,nasa_power_gdd
mustard,Maharashtra,satara,2016,352,359,305,21.6,72.6,0.0,7.2,0.5,10,305,28,84,3,2,3,2.7722,352,,,days_after_sowing,low,nasa_power_gdd
mustard,Maharashtra,satara,2017,351,358,304,21.7,75.1,0.0,9.8,0.5,10,304,28,112,3,2,3,2.7722,351,,,days_after_sowing,low,nasa_power_gdd
mustard,Maharashtra,satara,2018,351,358,304,23.7,73.8,17.7,5.9,0.89,10,304,28,140,3,2,3,2.7722,351,319.0,0.9531,days_after_sowing,low,nasa_power_gdd
mustard,Maharashtra,satara,2019,351,358,304,24.3,88.4,16.2,6.0,0.906,10,304,28,112,3,2,3,2.7722,351,321.0,0.9537,days_after_sowing,low,nasa_power_gdd
mustard,Maharashtra,satara,2020,352,359,305,23.3,76.6,0.0,6.3,0.904,10,305,28,140,3,2,3,2.7722,352,320.0,0.9575,days_after_sowing,low,nasa_power_gdd
mustard,Maharashtra,satara,2021,351,358,304,24.1,85.5,11.0,6.3,0.898,10,304,28,112,3,2,3,2.7722,351,320.0,0.9466,days_after_sowing,low,nasa_power_gdd
mustard,Maharashtra,satara,2022,351,358,304,22.2,77.6,0.0,8.1,0.893,10,304,28,112,3,2,3,2.7722,351,320.0,0.9458,days_after_sowing,low,nasa_power_gdd
mustard,Maharashtra,satara,2023,351,358,304,23.5,76.7,0.1,7.3,0.908,10,304,28,84,3,2,3,2.7722,351,319.0,0.9477,days_after_sowing,low,nasa_power_gdd
mustard,Maharashtra,satara,2024,352,359,305,24.0,79.0,3.2,7.2,0.915,10,305,28,84,3,2,3,2.7722,352,320.0,0.965,days_after_sowing,low,nasa_power_gdd
mustard,Maharashtra,satara,2025,351,358,304,23.0,90.0,30.2,6.3,0.899,10,304,28,112,3,2,3,2.7722,351,319.0,0.9545,days_after_sowing,low,nasa_power_gdd
mustard,Maharashtra,jalgaon,2015,356,363,309,27.2,49.3,0.0,5.4,0.5,11,309,147,441,2,1,2,4.4219,356,,,days_after_sowing,low,nasa_power_gdd
mustard,Maharashtra,jalgaon,2016,357,364,310,22.5,51.2,0.0,4.7,0.5,11,310,147,441,2,1,2,4.4219,357,,,days_after_sowing,low,nasa_power_gdd
mustard,Maharashtra,jalgaon,2017,356,363,309,22.4,62.4,0.0,5.8,0.5,11,309,147,588,2,1,2,4.4219,356,,,days_after_sowing,low,nasa_power_gdd
mustard,Maharashtra,jalgaon,2018,356,363,309,25.7,39.9,1.1,4.8,0.78,11,309,147,735,2,1,2,4.4219,356,317.0,0.9566,days_after_sowing,low,nasa_power_gdd
mustard,Maharashtra,jalgaon,2019,356,363,309,24.5,81.2,3.7,3.8,0.761,11,309,147,441,2,1,2,4.4219,356,317.0,0.9539,days_after_sowing,low,nasa_power_gdd
mustard,Maharashtra,jalgaon,2020,357,364,310,20.5,67.2,0.0,5.5,0.786,11,310,147,588,2,1,2,4.4219,357,320.0,0.9484,days_after_sowing,low,nasa_power_gdd
mustard,Maharashtra,jalgaon,2021,356,363,309,21.8,73.8,0.1,6.0,0.814,11,309,147,588,2,1,2,4.4219,356,321.0,0.9309,days_after_sowing,low,nasa_power_gdd
mustard,Maharashtra,jalgaon,2022,356,363,309,23.6,71.5,0.0,4.0,0.768,11,309,147,735,2,1,2,4.4219,356,319.0,0.9546,days_after_sowing,low,nasa_power_gdd
mustard,Maharashtra,jalgaon,2023,356,363,309,24.5,62.2,0.0,6.7,0.849,11,309,147,588,2,1,2,4.4219,356,321.0,0.9439,days_after_sowing,low,nasa_power_gdd
mustard,Maharashtra,jalgaon,2024,357,364,310,23.2,75.6,0.0,4.5,0.769,11,310,147,588,2,1,2,4.4219,357,320.0,0.9308,days_after_sowing,low,nasa_power_gdd
mustard,Maharashtra,jalgaon,2025,356,363,309,20.9,62.9,0.0,4.8,0.835,11,309,147,588,2,1,2,4.4219,356,317.0,0.9562,days_after_sowing,low,nasa_power_gdd
mustard,Maharashtra,latur,2015,358,365,311,25.6,44.8,0.0,10.2,0.5,11,311,4,12,2,1,2,0.7963,358,,,days_after_sowing,low,nasa_power_gdd
mustard,Maharashtra,latur,2016,359,365,312,20.0,59.3,0.0,5.6,0.5,11,312,4,12,2,1,2,0.7963,359,,,days_after_sowing,low,nasa_power_gdd
mustard,Maharashtra,latur,2017,358,365,311,21.4,61.0,0.0,6.1,0.5,11,311,4,16,2,1,2,0.7963,358,,,days_after_sowing,low,nasa_power_gdd
mustard,Maharashtra,latur,2018,358,365,311,25.9,33.4,0.0,6.6,0.762,11,311,4,20,2,1,2,0.7963,358,320.0,0.9508,days_after_sowing,low,nasa_power_gdd
mustard,Maharashtra,latur,2019,358,365,311,23.4,78.4,1.6,5.4,0.756,11,311,4,16,2,1,2,0.7963,358,319.0,0.9486,days_after_sowing,low,nasa_power_gdd
mustard,Maharashtra,latur,2020,359,365,312,20.2,78.5,0.0,7.1,0.774,11,312,4,20,2,1,2,0.7963,359,320.0,0.96,days_after_sowing,low,nasa_power_gdd
mustard,Maharashtra,latur,2021,358,365,311,20.5,80.9,0.9,7.9,0.762,11,311,4,12,2,1,2,0.7963,358,321.0,0.9387,days_after_sowing,low,nasa_power_gdd
mustard,Maharashtra,latur,2022,358,365,311,20.8,77.6,0.0,6.9,0.772,11,311,4,16,2,1,2,0.7963,358,319.0,0.9507,days_after_sowing,low,nasa_power_gdd
mustard,Maharashtra,latur,2023,358,365,311,24.8,70.7,7.4,6.6,0.743,11,311,4,16,2,1,2,0.7963,358,319.0,0.9589,days_after_sowing,low,nasa_power_gdd
mustard,Maharashtra,latur,2024,359,365,312,22.1,73.3,0.0,6.5,0.783,11,312,4,20,2,1,2,0.7963,359,319.0,0.9519,days_after_sowing,low,nasa_power_gdd
mustard,Maharashtra,latur,2025,358,365,311,18.8,70.3,0.0,6.0,0.752,11,311,4,12,2,1,2,0.7963,358,320.0,0.942,days_after_sowing,low,nasa_power_gdd
wheat,Maharashtra,nashik,2015,363,365,323,23.5,71.6,13.1,7.5,0.5,11,323,17,51,2,1,2,2.5087,363,,,gdd_threshold,medium,nasa_power_gdd
wheat,Maharashtra,nashik,2018,364,365,323,25.9,41.0,0.0,6.0,0.884,11,323,17,85,2,1,2,2.5087,364,328.0,0.9635,gdd_threshold,medium,nasa_power_gdd
wheat,Maharashtra,nashik,2023,364,365,323,23.5,63.8,0.1,7.4,0.902,11,323,17,51,2,1,2,2.5087,364,329.0,0.9664,gdd_threshold,medium,nasa_power_gdd
wheat,Maharashtra,pune,2015,361,365,318,22.4,60.2,0.0,9.3,0.5,11,318,376,1128,2,1,2,5.1714,361,,,gdd_threshold,medium,nasa_power_gdd
wheat,Maharashtra,pune,2018,362,365,318,22.6,59.1,0.5,5.3,0.86,11,318,376,1504,2,1,2,5.1714,362,330.0,0.9597,gdd_threshold,medium,nasa_power_gdd
wheat,Maharashtra,pune,2019,362,365,318,21.6,82.9,0.0,7.2,0.838,11,318,376,1880,2,1,2,5.1714,362,328.0,0.9598,gdd_threshold,medium,nasa_power_gdd
wheat,Maharashtra,pune,2020,364,365,319,23.3,83.7,1.0,5.7,0.832,11,319,376,1128,2,1,2,5.1714,364,327.0,0.95,gdd_threshold,medium,nasa_power_gdd
wheat,Maharashtra,pune,2021,362,365,318,24.4,86.5,16.8,6.9,0.842,11,318,376,1504,2,1,2,5.1714,362,328.0,0.9598,gdd_threshold,medium,nasa_power_gdd
wheat,Maharashtra,pune,2022,363,365,318,19.3,78.4,0.0,7.6,0.847,11,318,376,1128,2,1,2,5.1714,363,330.0,0.9536,gdd_threshold,medium,nasa_power_gdd
wheat,Maharashtra,pune,2023,362,365,318,21.7,72.7,0.0,6.2,0.859,11,318,376,1504,2,1,2,5.1714,362,330.0,0.9469,gdd_threshold,medium,nasa_power_gdd
wheat,Maharashtra,pune,2024,365,365,319,20.8,79.8,3.5,8.5,0.888,11,319,376,1128,2,1,2,5.1714,366,330.0,0.9714,gdd_threshold,medium,nasa_power_gdd
wheat,Maharashtra,solapur,2015,359,365,325,26.3,61.6,10.2,6.6,0.5,11,325,5,25,2,1,2,1.5607,359,,,gdd_threshold,medium,nasa_power_gdd
wheat,Maharashtra,solapur,2018,364,365,325,25.0,46.3,0.0,7.0,0.693,11,325,5,25,2,1,2,1.5607,364,328.0,0.9403,gdd_threshold,medium,nasa_power_gdd
wheat,Maharashtra,solapur,2019,365,365,325,22.4,74.4,0.0,7.6,0.698,11,325,5,15,2,1,2,1.5607,365,328.0,0.9623,gdd_threshold,medium,nasa_power_gdd
wheat,Maharashtra,solapur,2021,365,365,325,25.4,78.1,9.2,7.2,0.689,11,325,5,25,2,1,2,1.5607,365,327.0,0.9577,gdd_threshold,medium,nasa_power_gdd
wheat,Maharashtra,solapur,2022,364,365,325,23.5,73.7,0.3,6.4,0.708,11,325,5,20,2,1,2,1.5607,364,329.0,0.958,gdd_threshold,medium,nasa_power_gdd
wheat,Maharashtra,solapur,2023,363,365,325,26.3,65.4,1.9,8.2,0.68,11,325,5,15,2,1,2,1.5607,363,326.0,0.9512,gdd_threshold,medium,nasa_power_gdd
wheat,Maharashtra,solapur,2024,365,365,326,20.9,70.2,0.0,7.0,0.696,11,326,5,25,2,1,2,1.5607,366,330.0,0.956,gdd_threshold,medium,nasa_power_gdd
wheat,Maharashtra,aurangabad,2015,354,361,318,24.9,42.5,0.0,8.3,0.5,11,318,38,114,2,1,2,3.5757,354,,,gdd_threshold,medium,nasa_power_gdd
wheat,Maharashtra,aurangabad,2016,363,365,319,20.9,62.7,0.0,6.0,0.5,11,319,38,152,2,1,2,3.5757,363,,,gdd_threshold,medium,nasa_power_gdd
wheat,Maharashtra,aurangabad,2017,362,365,318,22.0,68.4,0.4,4.9,0.5,11,318,38,152,2,1,2,3.5757,362,,,gdd_threshold,medium,nasa_power_gdd
wheat,Maharashtra,aurangabad,2018,359,365,318,25.2,38.2,8.3,5.3,0.752,11,318,38,152,2,1,2,3.5757,359,328.0,0.9671,gdd_threshold,medium,nasa_power_gdd
wheat,Maharashtra,aurangabad,2019,365,365,318,20.6,80.5,0.0,5.7,0.755,11,318,38,152,2,1,2,3.5757,365,330.0,0.9581,gdd_threshold,medium,nasa_power_gdd
wheat,Maharashtra,aurangabad,2020,365,365,319,23.3,81.5,3.8,5.2,0.756,11,319,38,190,2,1,2,3.5757,365,328.0,0.9572,gdd_threshold,medium,nasa_power_gdd
wheat,Maharashtra,aurangabad,2021,363,365,318,24.0,86.6,5.0,8.0,0.723,11,318,38,114,2,1,2,3.5757,363,325.0,0.9557,gdd_threshold,medium,nasa_power_gdd
wheat,Maharashtra,aurangabad,2022,364,365,318,19.0,74.1,0.0,5.6,0.755,11,318,38,114,2,1,2,3.5757,364,329.0,0.9599,gdd_threshold,medium,nasa_power_gdd
wheat,Maharashtra,aurangabad,2023,361,365,318,23.1,60.3,0.0,6.3,0.756,11,318,38,190,2,1,2,3.5757,361,330.0,0.9583,gdd_threshold,medium,nasa_power_gdd
wheat,Maharashtra,aurangabad,2024,365,365,319,20.7,73.3,0.0,6.1,0.741,11,319,38,114,2,1,2,3.5757,365,328.0,0.956,gdd_threshold,medium,nasa_power_gdd
wheat,Maharashtra,nagpur,2015,349,356,311,24.9,70.6,0.0,4.9,0.5,11,311,36,180,2,1,2,3.5317,349,,,gdd_threshold,medium,nasa_power_gdd
wheat,Maharashtra,nagpur,2016,361,365,312,19.6,61.0,0.0,3.5,0.5,11,312,36,144,2,1,2,3.5317,361,,,gdd_threshold,medium,nasa_power_gdd
wheat,Maharashtra,nagpur,2017,354,361,311,22.0,67.9,0.0,4.1,0.5,11,311,36,144,2,1,2,3.5317,354,,,gdd_threshold,medium,nasa_power_gdd
wheat,Maharashtra,nagpur,2018,350,357,311,24.0,48.8,0.0,4.7,0.886,11,311,36,108,2,1,2,3.5317,350,328.0,0.9579,gdd_threshold,medium,nasa_power_gdd
wheat,Maharashtra,nagpur,2019,359,365,311,22.0,81.0,0.2,5.0,0.895,11,311,36,108,2,1,2,3.5317,359,327.0,0.9548,gdd_threshold,medium,nasa_power_gdd
wheat,Maharashtra,nagpur,2020,358,365,312,20.2,75.8,0.0,5.6,0.883,11,312,36,180,2,1,2,3.5317,358,331.0,0.9512,gdd_threshold,medium,nasa_power_gdd
wheat,Maharashtra,nagpur,2021,355,362,311,20.7,76.7,0.0,6.3,0.898,11,311,36,180,2,1,2,3.5317,355,327.0,0.9567,gdd_threshold,medium,nasa_power_gdd
wheat,Maharashtra,nagpur,2022,359,365,311,21.2,81.3,0.0,4.8,0.885,11,311,36,144,2,1,2,3.5317,359,327.0,0.9616,gdd_threshold,medium,nasa_power_gdd
wheat,Maharashtra,nagpur,2023,357,364,311,22.8,72.8,0.0,4.0,0.887,11,311,36,144,2,1,2,3.5317,357,326.0,0.9539,gdd_threshold,medium,nasa_power_gdd
wheat,Maharashtra,nagpur,2024,360,365,312,22.2,78.6,0.0,4.5,0.912,11,312,36,144,2,1,2,3.5317,360,332.0,0.9629,gdd_threshold,medium,nasa_power_gdd
wheat,Maharashtra,amravati,2015,349,356,313,25.4,59.7,0.0,5.6,0.5,11,313,6,24,2,1,2,1.3,349,,,gdd_threshold,medium,nasa_power_gdd
wheat,Maharashtra,amravati,2016,358,365,314,21.0,58.9,0.0,4.3,0.5,11,314,6,30,2,1,2,1.3,358,,,gdd_threshold,medium,nasa_power_gdd
wheat,Maharashtra,amravati,2017,354,361,313,22.4,60.0,0.0,4.9,0.5,11,313,6,30,2,1,2,1.3,354,,,gdd_threshold,medium,nasa_power_gdd
wheat,Maharashtra,amravati,2018,352,359,313,24.9,29.8,0.0,4.1,0.859,11,313,6,30,2,1,2,1.3,352,328.0,0.9426,gdd_threshold,medium,nasa_power_gdd
wheat,Maharashtra,amravati,2019,359,365,313,21.7,79.7,0.0,5.4,0.842,11,313,6,30,2,1,2,1.3,359,327.0,0.9621,gdd_threshold,medium,nasa_power_gdd
wheat,Maharashtra,amravati,2020,357,364,314,21.4,74.3,0.0,6.3,0.862,11,314,6,30,2,1,2,1.3,357,331.0,0.9577,gdd_threshold,medium,nasa_power_gdd
wheat,Maharashtra,amravati,2021,358,365,313,21.6,76.9,0.1,6.8,0.857,11,313,6,30,2,1,2,1.3,358,330.0,0.9639,gdd_threshold,medium,nasa_power_gdd
wheat,Maharashtra,amravati,2022,359,365,313,21.1,76.9,0.0,4.9,0.832,11,313,6,30,2,1,2,1.3,359,328.0,0.956,gdd_threshold,medium,nasa_power_gdd
wheat,Maharashtra,amravati,2023,356,363,313,23.6,66.6,0.0,5.5,0.834,11,313,6,30,2,1,2,1.3,356,327.0,0.9559,gdd_threshold,medium,nasa_power_gdd
wheat,Maharashtra,amravati,2024,360,365,314,21.8,75.4,0.0,5.2,0.846,11,314,6,24,2,1,2,1.3,360,328.0,0.9627,gdd_threshold,medium,nasa_power_gdd
wheat,Maharashtra,amravati,2025,364,365,313,18.7,64.0,0.0,4.7,0.831,11,313,6,24,2,1,2,1.3,364,327.0,0.9602,gdd_threshold,medium,nasa_power_gdd
wheat,Maharashtra,kolhapur,2015,357,364,323,25.9,67.6,6.4,8.8,0.5,11,323,12,60,2,1,2,1.8173,357,,,gdd_threshold,medium,nasa_power_gdd
wheat,Maharashtra,kolhapur,2016,365,365,324,21.3,54.5,0.0,8.2,0.5,11,324,12,48,2,1,2,1.8173,365,,,gdd_threshold,medium,nasa_power_gdd
wheat,Maharashtra,kolhapur,2017,365,365,323,23.5,76.7,0.8,5.9,0.5,11,323,12,60,2,1,2,1.8173,365,,,gdd_threshold,medium,nasa_power_gdd
wheat,Maharashtra,kolhapur,2018,362,365,323,24.3,69.1,13.9,8.0,0.9,11,323,12,48,2,1,2,1.8173,362,325.0,0.9488,gdd_threshold,medium,nasa_power_gdd
wheat,Maharashtra,kolhapur,2019,365,365,323,21.4,79.7,0.0,8.6,0.912,11,323,12,60,2,1,2,1.8173,365,330.0,0.96,gdd_threshold,medium,nasa_power_gdd
wheat,Maharashtra,kolhapur,2020,365,365,324,23.0,81.8,0.0,6.4,0.906,11,324,12,48,2,1,2,1.8173,366,328.0,0.9593,gdd_threshold,medium,nasa_power_gdd
wheat,Maharashtra,kolhapur,2021,364,365,323,24.7,85.1,22.3,6.1,0.907,11,323,12,48,2,1,2,1.8173,364,326.0,0.974,gdd_threshold,medium,nasa_power_gdd
wheat,Maharashtra,kolhapur,2022,364,365,323,21.4,78.3,0.5,7.1,0.909,11,323,12,60,2,1,2,1.8173,364,326.0,0.9515,gdd_threshold,medium,nasa_power_gdd
wheat,Maharashtra,kolhapur,2023,360,365,323,24.8,70.5,2.1,7.4,0.902,11,323,12,60,2,1,2,1.8173,360,326.0,0.9624,gdd_threshold,medium,nasa_power_gdd
wheat,Maharashtra,satara,2015,355,362,318,24.1,57.7,0.3,9.3,0.5,11,318,28,140,2,1,2,2.7722,355,,,gdd_threshold,medium,nasa_power_gdd
wheat,Maharashtra,satara,2016,361,365,319,22.1,69.5,1.8,8.2,0.5,11,319,28,84,2,1,2,2.7722,361,,,gdd_threshold,medium,nasa_power_gdd
wheat,Maharashtra,satara,2017,361,365,318,22.0,75.2,0.9,5.1,0.5,11,318,28,112,2,1,2,2.7722,361,,,gdd_threshold,medium,nasa_power_gdd
wheat,Maharashtra,satara,2018,358,365,318,23.6,63.6,6.5,6.0,0.891,11,318,28,140,2,1,2,2.7722,358,328.0,0.9594,gdd_threshold,medium,nasa_power_gdd
wheat,Maharashtra,satara,2019,359,365,318,22.8,81.5,0.1,7.0,0.902,11,318,28,140,2,1,2,2.7722,359,330.0,0.9603,gdd_threshold,medium,nasa_power_gdd
wheat,Maharashtra,satara,2020,360,365,319,24.2,83.4,0.1,6.2,0.897,11,319,28,84,2,1,2,2.7722,360,329.0,0.9642,gdd_threshold,medium,nasa_power_gdd
wheat,Maharashtra,satara,2021,359,365,318,25.1,86.6,31.2,5.7,0.892,11,318,28,84,2,1,2,2.7722,359,329.0,0.9517,gdd_threshold,medium,nasa_power_gdd
wheat,Maharashtra,satara,2022,360,365,318,20.9,75.8,0.0,7.8,0.891,11,318,28,84,2,1,2,2.7722,360,329.0,0.9544,gdd_threshold,medium,nasa_power_gdd
wheat,Maharashtra,satara,2023,358,365,318,23.1,73.6,0.0,6.3,0.897,11,318,28,112,2,1,2,2.7722,358,328.0,0.9549,gdd_threshold,medium,nasa_power_gdd
wheat,Maharashtra,satara,2024,362,365,319,22.4,78.6,8.2,8.6,0.905,11,319,28,140,2,1,2,2.7722,362,329.0,0.9719,gdd_threshold,medium,nasa_power_gdd
wheat,Maharashtra,satara,2025,365,365,318,19.0,71.2,0.0,9.4,0.889,11,318,28,84,2,1,2,2.7722,365,328.0,0.9598,gdd_threshold,medium,nasa_power_gdd
wheat,Maharashtra,jalgaon,2015,361,365,323,25.3,50.1,1.2,6.7,0.5,11,323,147,441,2,1,2,4.4219,361,,,gdd_threshold,medium,nasa_power_gdd
wheat,Maharashtra,jalgaon,2016,365,365,324,22.7,48.1,0.0,5.6,0.5,11,324,147,588,2,1,2,4.4219,366,,,gdd_threshold,medium,nasa_power_gdd
wheat,Maharashtra,jalgaon,2017,364,365,323,23.7,62.3,1.2,5.0,0.5,11,323,147,588,2,1,2,4.4219,364,,,gdd_threshold,medium,nasa_power_gdd
wheat,Maharashtra,jalgaon,2018,364,365,323,26.1,47.7,8.4,5.2,0.787,11,323,147,588,2,1,2,4.4219,364,326.0,0.9616,gdd_threshold,medium,nasa_power_gdd
wheat,Maharashtra,jalgaon,2023,365,365,323,24.0,61.8,0.0,7.0,0.83,11,323,147,735,2,1,2,4.4219,365,329.0,0.9502,gdd_threshold,medium,nasa_power_gdd
wheat,Maharashtra,latur,2015,361,365,325,25.8,56.6,5.8,5.6,0.5,11,325,4,16,2,1,2,0.7963,361,,,gdd_threshold,medium,nasa_power_gdd
rice,Maharashtra,nashik,2015,236,243,177,25.6,86.6,0.7,15.6,0.5,6,177,17,51,3,5,3,2.5087,236,,,gdd_threshold,medium,nasa_power_gdd
rice,Maharashtra,nashik,2016,240,247,178,25.8,87.2,197.2,15.4,0.5,6,178,17,85,3,5,3,2.5087,240,,,gdd_threshold,medium,nasa_power_gdd
rice,Maharashtra,nashik,2017,238,245,177,25.4,89.7,176.1,20.8,0.5,6,177,17,68,3,5,3,2.5087,238,,,gdd_threshold,medium,nasa_power_gdd
rice,Maharashtra,nashik,2018,239,246,177,25.3,87.2,69.5,15.3,0.884,6,177,17,85,3,5,3,2.5087,239,206.0,0.9635,gdd_threshold,medium,nasa_power_gdd
rice,Maharashtra,nashik,2019,237,244,177,25.6,87.2,331.8,15.3,0.881,6,177,17,85,3,5,3,2.5087,237,206.0,0.9555,gdd_threshold,medium,nasa_power_gdd
rice,Maharashtra,nashik,2020,238,245,178,25.8,88.1,79.5,8.3,0.908,6,178,17,68,3,5,3,2.5087,238,207.0,0.9682,gdd_threshold,medium,nasa_power_gdd
rice,Maharashtra,nashik,2021,237,244,177,25.5,88.4,44.5,11.5,0.89,6,177,17,85,3,5,3,2.5087,237,205.0,0.9705,gdd_threshold,medium,nasa_power_gdd
rice,Maharashtra,nashik,2022,239,246,177,25.8,86.8,134.7,15.5,0.88,6,177,17,85,3,5,3,2.5087,239,204.0,0.9512,gdd_threshold,medium,nasa_power_gdd
rice,Maharashtra,nashik,2023,238,245,177,24.2,88.1,278.6,20.0,0.899,6,177,17,51,3,5,3,2.5087,238,207.0,0.9659,gdd_threshold,medium,nasa_power_gdd
rice,Maharashtra,nashik,2024,237,244,178,26.1,88.5,115.0,19.9,0.892,6,178,17,51,3,5,3,2.5087,237,207.0,0.9542,gdd_threshold,medium,nasa_power_gdd
rice,Maharashtra,nashik,2025,238,245,177,24.6,92.0,99.8,20.8,0.899,6,177,17,85,3,5,3,2.5087,238,205.0,0.9698,gdd_threshold,medium,nasa_power_gdd
rice,Maharashtra,pune,2015,242,249,182,25.3,84.8,2.3,16.7,0.5,7,182,376,1880,2,4,2,5.1714,242,,,gdd_threshold,medium,nasa_power_gdd
rice,Maharashtra,pune,2016,247,254,183,24.8,91.1,254.2,19.0,0.5,7,183,376,1880,2,4,2,5.1714,247,,,gdd_threshold,medium,nasa_power_gdd
rice,Maharashtra,pune,2017,245,252,182,25.1,88.0,100.0,19.1,0.5,7,182,376,1504,2,4,2,5.1714,245,,,gdd_threshold,medium,nasa_power_gdd
rice,Maharashtra,pune,2018,247,254,182,24.6,89.4,203.9,17.0,0.86,7,182,376,1880,2,4,2,5.1714,247,208.0,0.9597,gdd_threshold,medium,nasa_power_gdd
rice,Maharashtra,pune,2019,245,252,182,24.2,90.1,249.6,16.8,0.838,7,182,376,1128,2,4,2,5.1714,245,206.0,0.9605,gdd_threshold,medium,nasa_power_gdd
rice,Maharashtra,pune,2020,246,253,183,24.8,89.3,188.5,19.2,0.832,7,183,376,1128,2,4,2,5.1714,246,205.0,0.95,gdd_threshold,medium,nasa_power_gdd
rice,Maharashtra,pune,2021,246,253,182,24.9,87.7,17.4,9.5,0.842,7,182,376,1504,2,4,2,5.1714,246,206.0,0.9598,gdd_threshold,medium,nasa_power_gdd
rice,Maharashtra,pune,2022,246,253,182,24.7,89.7,260.1,18.6,0.847,7,182,376,1880,2,4,2,5.1714,246,208.0,0.9536,gdd_threshold,medium,nasa_power_gdd
rice,Maharashtra,pune,2023,245,252,182,25.1,90.1,171.3,17.1,0.857,7,182,376,1128,2,4,2,5.1714,245,208.0,0.9468,gdd_threshold,medium,nasa_power_gdd
rice,Maharashtra,pune,2024,244,251,183,25.9,87.8,132.2,22.5,0.888,7,183,376,1504,2,4,2,5.1714,244,208.0,0.9714,gdd_threshold,medium,nasa_power_gdd
rice,Maharashtra,pune,2025,246,253,182,24.3,91.9,147.6,21.6,0.866,7,182,376,1880,2,4,2,5.1714,246,207.0,0.9279,gdd_threshold,medium,nasa_power_gdd
rice,Maharashtra,solapur,2015,239,246,192,30.0,59.2,6.1,18.8,0.5,7,192,5,25,2,4,2,1.5607,239,,,gdd_threshold,medium,nasa_power_gdd
rice,Maharashtra,solapur,2016,246,253,193,27.6,73.0,22.3,17.6,0.5,7,193,5,20,2,4,2,1.5607,246,,,gdd_threshold,medium,nasa_power_gdd
rice,Maharashtra,solapur,2017,243,250,192,27.3,72.0,6.8,20.0,0.5,7,192,5,25,2,4,2,1.5607,243,,,gdd_threshold,medium,nasa_power_gdd
rice,Maharashtra,solapur,2018,244,251,192,27.0,74.9,23.3,22.1,0.693,7,192,5,15,2,4,2,1.5607,244,206.0,0.9403,gdd_threshold,medium,nasa_power_gdd
rice,Maharashtra,solapur,2019,243,250,192,28.0,70.3,3.8,16.8,0.697,7,192,5,20,2,4,2,1.5607,243,205.0,0.962,gdd_threshold,medium,nasa_power_gdd
rice,Maharashtra,solapur,2020,247,254,193,26.5,79.0,39.8,15.0,0.7,7,193,5,15,2,4,2,1.5607,247,207.0,0.9677,gdd_threshold,medium,nasa_power_gdd
rice,Maharashtra,solapur,2021,245,252,192,27.0,77.6,37.3,15.6,0.689,7,192,5,25,2,4,2,1.5607,245,205.0,0.9577,gdd_threshold,medium,nasa_power_gdd
rice,Maharashtra,solapur,2022,247,254,192,25.4,81.2,73.6,23.1,0.708,7,192,5,20,2,4,2,1.5607,247,207.0,0.958,gdd_threshold,medium,nasa_power_gdd
rice,Maharashtra,solapur,2023,244,251,192,27.6,71.7,9.3,16.3,0.68,7,192,5,20,2,4,2,1.5607,244,204.0,0.9519,gdd_threshold,medium,nasa_power_gdd
rice,Maharashtra,solapur,2024,246,253,193,26.5,77.5,21.1,18.4,0.696,7,193,5,20,2,4,2,1.5607,246,208.0,0.956,gdd_threshold,medium,nasa_power_gdd
rice,Maharashtra,solapur,2025,246,253,192,27.9,72.2,7.3,15.9,0.723,7,192,5,20,2,4,2,1.5607,246,208.0,0.9643,gdd_threshold,medium,nasa_power_gdd
rice,Maharashtra,aurangabad,2015,239,246,187,28.1,69.8,0.1,18.2,0.5,7,187,38,190,2,4,2,3.5757,239,,,gdd_threshold,medium,nasa_power_gdd
rice,Maharashtra,aurangabad,2016,245,252,188,25.5,83.8,128.8,21.6,0.5,7,188,38,152,2,4,2,3.5757,245,,,gdd_threshold,medium,nasa_power_gdd
rice,Maharashtra,aurangabad,2017,240,247,187,27.7,70.9,13.0,14.8,0.5,7,187,38,114,2,4,2,3.5757,240,,,gdd_threshold,medium,nasa_power_gdd
rice,Maharashtra,aurangabad,2018,243,250,187,25.6,81.6,40.0,16.5,0.752,7,187,38,190,2,4,2,3.5757,243,206.0,0.9671,gdd_threshold,medium,nasa_power_gdd
rice,Maharashtra,aurangabad,2019,242,249,187,26.9,79.6,50.4,16.8,0.755,7,187,38,190,2,4,2,3.5757,242,207.0,0.9598,gdd_threshold,medium,nasa_power_gdd
rice,Maharashtra,aurangabad,2020,244,251,188,26.7,80.9,42.0,13.5,0.756,7,188,38,152,2,4,2,3.5757,244,206.0,0.9572,gdd_threshold,medium,nasa_power_gdd
rice,Maharashtra,aurangabad,2021,240,247,187,28.0,73.1,62.5,9.5,0.723,7,187,38,152,2,4,2,3.5757,240,203.0,0.9557,gdd_threshold,medium,nasa_power_gdd
rice,Maharashtra,aurangabad,2022,245,252,187,25.6,85.0,108.7,18.4,0.755,7,187,38,114,2,4,2,3.5757,245,207.0,0.9599,gdd_threshold,medium,nasa_power_gdd
rice,Maharashtra,aurangabad,2023,242,249,187,26.4,81.6,72.9,15.8,0.754,7,187,38,114,2,4,2,3.5757,242,208.0,0.9584,gdd_threshold,medium,nasa_power_gdd
rice,Maharashtra,aurangabad,2024,243,250,188,27.0,80.3,62.7,11.6,0.741,7,188,38,152,2,4,2,3.5757,243,206.0,0.956,gdd_threshold,medium,nasa_power_gdd
rice,Maharashtra,aurangabad,2025,242,249,187,26.2,79.5,37.0,14.9,0.752,7,187,38,114,2,4,2,3.5757,242,206.0,0.9471,gdd_threshold,medium,nasa_power_gdd
rice,Maharashtra,nagpur,2015,227,234,177,28.5,77.6,12.8,9.6,0.5,6,177,36,144,3,5,3,3.5317,227,,,gdd_threshold,medium,nasa_power_gdd
rice,Maharashtra,nagpur,2016,230,237,178,29.2,79.3,115.5,8.3,0.5,6,178,36,180,3,5,3,3.5317,230,,,gdd_threshold,medium,nasa_power_gdd
rice,Maharashtra,nagpur,2017,227,234,177,28.8,78.2,130.9,12.1,0.5,6,177,36,180,3,5,3,3.5317,227,,,gdd_threshold,medium,nasa_power_gdd
rice,Maharashtra,nagpur,2018,229,236,177,27.8,78.5,94.6,9.5,0.886,6,177,36,144,3,5,3,3.5317,229,206.0,0.9579,gdd_threshold,medium,nasa_power_gdd
rice,Maharashtra,nagpur,2019,226,233,177,29.5,76.9,126.0,10.6,0.895,6,177,36,180,3,5,3,3.5317,226,205.0,0.9547,gdd_threshold,medium,nasa_power_gdd
rice,Maharashtra,nagpur,2020,228,235,178,29.4,76.5,59.3,5.4,0.883,6,178,36,180,3,5,3,3.5317,228,209.0,0.9512,gdd_threshold,medium,nasa_power_gdd
rice,Maharashtra,nagpur,2021,226,233,177,28.5,79.8,59.4,8.0,0.898,6,177,36,108,3,5,3,3.5317,226,205.0,0.9567,gdd_threshold,medium,nasa_power_gdd
rice,Maharashtra,nagpur,2022,229,236,177,29.3,75.7,45.6,8.6,0.885,6,177,36,144,3,5,3,3.5317,229,205.0,0.9616,gdd_threshold,medium,nasa_power_gdd
rice,Maharashtra,nagpur,2023,227,234,177,27.5,78.9,76.8,13.6,0.886,6,177,36,108,3,5,3,3.5317,227,204.0,0.9528,gdd_threshold,medium,nasa_power_gdd
rice,Maharashtra,nagpur,2024,228,235,178,29.4,77.6,79.3,11.5,0.912,6,178,36,144,3,5,3,3.5317,228,210.0,0.9629,gdd_threshold,medium,nasa_power_gdd
rice,Maharashtra,nagpur,2025,229,236,177,27.3,81.3,107.3,13.8,0.907,6,177,36,144,3,5,3,3.5317,229,206.0,0.9573,gdd_threshold,medium,nasa_power_gdd
rice,Maharashtra,amravati,2015,229,236,177,27.9,75.8,3.1,12.3,0.5,6,177,6,18,3,5,3,1.3,229,,,gdd_threshold,medium,nasa_power_gdd
rice,Maharashtra,amravati,2016,233,240,178,28.3,78.4,88.1,11.3,0.5,6,178,6,18,3,5,3,1.3,233,,,gdd_threshold,medium,nasa_power_gdd
rice,Maharashtra,amravati,2017,228,235,177,28.5,74.4,61.0,12.8,0.5,6,177,6,24,3,5,3,1.3,228,,,gdd_threshold,medium,nasa_power_gdd
rice,Maharashtra,amravati,2018,231,238,177,27.5,77.0,61.9,10.6,0.859,6,177,6,24,3,5,3,1.3,231,206.0,0.9426,gdd_threshold,medium,nasa_power_gdd
rice,Maharashtra,amravati,2019,228,235,177,28.7,76.8,64.5,12.4,0.842,6,177,6,24,3,5,3,1.3,228,205.0,0.9608,gdd_threshold,medium,nasa_power_gdd
rice,Maharashtra,amravati,2020,229,236,178,29.0,75.8,55.9,6.2,0.862,6,178,6,24,3,5,3,1.3,229,209.0,0.9577,gdd_threshold,medium,nasa_power_gdd
rice,Maharashtra,amravati,2021,228,235,177,27.8,79.8,25.7,10.1,0.857,6,177,6,24,3,5,3,1.3,228,208.0,0.9639,gdd_threshold,medium,nasa_power_gdd
rice,Maharashtra,amravati,2022,232,239,177,28.3,77.8,55.6,10.6,0.832,6,177,6,18,3,5,3,1.3,232,206.0,0.956,gdd_threshold,medium,nasa_power_gdd
rice,Maharashtra,amravati,2023,229,236,177,28.0,71.7,42.1,16.0,0.833,6,177,6,30,3,5,3,1.3,229,205.0,0.9558,gdd_threshold,medium,nasa_power_gdd
rice,Maharashtra,amravati,2024,230,237,178,29.1,76.4,59.3,11.7,0.846,6,178,6,18,3,5,3,1.3,230,206.0,0.9627,gdd_threshold,medium,nasa_power_gdd
rice,Maharashtra,amravati,2025,230,237,177,27.3,78.3,64.4,16.2,0.831,6,177,6,24,3,5,3,1.3,230,205.0,0.9602,gdd_threshold,medium,nasa_power_gdd
rice,Maharashtra,kolhapur,2015,231,238,172,25.4,86.1,98.4,27.3,0.5,6,172,12,36,3,5,3,1.8173,231,,,gdd_threshold,medium,nasa_power_gdd
rice,Maharashtra,kolhapur,2016,237,244,173,24.5,86.0,94.7,16.9,0.5,6,173,12,48,3,5,3,1.8173,237,,,gdd_threshold,medium,nasa_power_gdd
rice,Maharashtra,kolhapur,2017,232,239,172,26.0,83.5,43.6,20.0,0.5,6,172,12,36,3,5,3,1.8173,232,,,gdd_threshold,medium,nasa_power_gdd
rice,Maharashtra,kolhapur,2018,236,243,172,24.6,87.0,99.3,17.3,0.9,6,172,12,36,3,5,3,1.8173,236,203.0,0.9488,gdd_threshold,medium,nasa_power_gdd
rice,Maharashtra,kolhapur,2019,234,241,172,25.9,82.7,98.8,13.3,0.912,6,172,12,36,3,5,3,1.8173,234,208.0,0.9592,gdd_threshold,medium,nasa_power_gdd
rice,Maharashtra,kolhapur,2020,235,242,173,25.3,85.3,23.7,10.9,0.906,6,173,12,48,3,5,3,1.8173,235,206.0,0.9593,gdd_threshold,medium,nasa_power_gdd
rice,Maharashtra,kolhapur,2021,235,242,172,24.3,89.0,27.3,12.9,0.907,6,172,12,36,3,5,3,1.8173,235,204.0,0.974,gdd_threshold,medium,nasa_power_gdd
rice,Maharashtra,kolhapur,2022,235,242,172,25.2,84.4,89.1,15.7,0.909,6,172,12,36,3,5,3,1.8173,235,204.0,0.9515,gdd_threshold,medium,nasa_power_gdd
rice,Maharashtra,kolhapur,2023,233,240,172,27.0,74.6,50.5,16.2,0.903,6,172,12,60,3,5,3,1.8173,233,204.0,0.9625,gdd_threshold,medium,nasa_power_gdd
rice,Maharashtra,kolhapur,2024,234,241,173,24.9,85.7,91.5,19.6,0.907,6,173,12,48,3,5,3,1.8173,234,206.0,0.9544,gdd_threshold,medium,nasa_power_gdd
rice,Maharashtra,kolhapur,2025,235,242,172,24.8,89.7,98.7,22.5,0.903,6,172,12,36,3,5,3,1.8173,235,205.0,0.9389,gdd_threshold,medium,nasa_power_gdd
rice,Maharashtra,satara,2015,237,244,177,25.3,89.0,33.6,14.3,0.5,6,177,28,140,3,5,3,2.7722,237,,,gdd_threshold,medium,nasa_power_gdd
rice,Maharashtra,satara,2016,241,248,178,25.2,91.0,268.4,17.6,0.5,6,178,28,112,3,5,3,2.7722,241,,,gdd_threshold,medium,nasa_power_gdd
rice,Maharashtra,satara,2017,239,246,177,25.5,90.0,215.1,21.4,0.5,6,177,28,84,3,5,3,2.7722,239,,,gdd_threshold,medium,nasa_power_gdd
rice,Maharashtra,satara,2018,240,247,177,24.9,90.9,109.0,14.8,0.891,6,177,28,84,3,5,3,2.7722,240,206.0,0.9594,gdd_threshold,medium,nasa_power_gdd
rice,Maharashtra,satara,2019,238,245,177,25.2,89.5,275.0,14.0,0.902,6,177,28,140,3,5,3,2.7722,238,208.0,0.9604,gdd_threshold,medium,nasa_power_gdd
rice,Maharashtra,satara,2020,239,246,178,25.2,90.2,82.4,9.5,0.897,6,178,28,84,3,5,3,2.7722,239,207.0,0.9642,gdd_threshold,medium,nasa_power_gdd
rice,Maharashtra,satara,2021,239,246,177,24.6,90.8,25.8,8.5,0.892,6,177,28,84,3,5,3,2.7722,239,207.0,0.9517,gdd_threshold,medium,nasa_power_gdd
rice,Maharashtra,satara,2022,240,247,177,25.3,89.3,143.2,14.6,0.891,6,177,28,140,3,5,3,2.7722,240,207.0,0.9544,gdd_threshold,medium,nasa_power_gdd
rice,Maharashtra,satara,2023,239,246,177,24.6,89.4,252.1,15.4,0.896,6,177,28,112,3,5,3,2.7722,239,205.0,0.9543,gdd_threshold,medium,nasa_power_gdd
rice,Maharashtra,satara,2024,238,245,178,25.3,91.1,189.1,21.6,0.905,6,178,28,112,3,5,3,2.7722,238,207.0,0.9719,gdd_threshold,medium,nasa_power_gdd
rice,Maharashtra,satara,2025,239,246,177,24.8,92.8,123.4,19.0,0.889,6,177,28,140,3,5,3,2.7722,239,206.0,0.9598,gdd_threshold,medium,nasa_power_gdd
rice,Maharashtra,jalgaon,2015,240,247,189,29.5,68.2,0.7,15.6,0.5,7,189,147,588,2,4,2,4.4219,240,,,gdd_threshold,medium,nasa_power_gdd
rice,Maharashtra,jalgaon,2016,243,250,190,26.9,83.7,163.0,18.5,0.5,7,190,147,735,2,4,2,4.4219,243,,,gdd_threshold,medium,nasa_power_gdd
rice,Maharashtra,jalgaon,2017,240,247,189,28.6,72.8,63.3,15.2,0.5,7,189,147,441,2,4,2,4.4219,240,,,gdd_threshold,medium,nasa_power_gdd
rice,Maharashtra,jalgaon,2018,242,249,189,26.9,80.5,81.3,14.3,0.787,7,189,147,735,2,4,2,4.4219,242,204.0,0.9616,gdd_threshold,medium,nasa_power_gdd
rice,Maharashtra,jalgaon,2019,241,248,189,28.1,79.6,32.0,13.3,0.771,7,189,147,588,2,4,2,4.4219,241,205.0,0.9598,gdd_threshold,medium,nasa_power_gdd
rice,Maharashtra,jalgaon,2020,241,248,190,28.2,79.0,49.6,9.6,0.784,7,190,147,441,2,4,2,4.4219,241,207.0,0.9557,gdd_threshold,medium,nasa_power_gdd
rice,Maharashtra,jalgaon,2021,238,245,189,30.0,70.4,54.8,10.0,0.817,7,189,147,441,2,4,2,4.4219,238,208.0,0.9394,gdd_threshold,medium,nasa_power_gdd
rice,Maharashtra,jalgaon,2022,244,251,189,26.1,88.2,160.8,17.3,0.775,7,189,147,735,2,4,2,4.4219,244,207.0,0.961,gdd_threshold,medium,nasa_power_gdd
rice,Maharashtra,jalgaon,2023,240,247,189,28.0,80.7,69.5,14.7,0.827,7,189,147,441,2,4,2,4.4219,240,207.0,0.951,gdd_threshold,medium,nasa_power_gdd
rice,Maharashtra,jalgaon,2024,242,249,190,28.2,81.5,73.6,10.2,0.776,7,190,147,441,2,4,2,4.4219,242,207.0,0.9404,gdd_threshold,medium,nasa_power_gdd
rice,Maharashtra,jalgaon,2025,240,247,189,27.4,78.8,27.2,12.0,0.821,7,189,147,441,2,4,2,4.4219,240,204.0,0.9617,gdd_threshold,medium,nasa_power_gdd
rice,Maharashtra,latur,2015,242,249,192,29.1,61.3,12.4,16.1,0.5,7,192,4,12,2,4,2,0.7963,242,,,gdd_threshold,medium,nasa_power_gdd
rice,Maharashtra,latur,2016,249,256,193,26.8,73.8,18.9,16.7,0.5,7,193,4,12,2,4,2,0.7963,249,,,gdd_threshold,medium,nasa_power_gdd
rice,Maharashtra,latur,2017,245,252,192,27.0,72.3,28.5,19.8,0.5,7,192,4,16,2,4,2,0.7963,245,,,gdd_threshold,medium,nasa_power_gdd
rice,Maharashtra,latur,2018,246,253,192,26.1,77.1,33.9,20.6,0.753,7,192,4,12,2,4,2,0.7963,246,207.0,0.9578,gdd_threshold,medium,nasa_power_gdd
rice,Maharashtra,latur,2019,244,251,192,27.7,70.9,9.8,16.1,0.749,7,192,4,20,2,4,2,0.7963,244,205.0,0.9547,gdd_threshold,medium,nasa_power_gdd
rice,Maharashtra,latur,2020,250,257,193,25.8,81.7,40.0,13.3,0.774,7,193,4,16,2,4,2,0.7963,250,208.0,0.9654,gdd_threshold,medium,nasa_power_gdd
rice,Maharashtra,latur,2021,249,256,192,26.1,83.3,91.2,11.1,0.757,7,192,4,20,2,4,2,0.7963,249,208.0,0.9462,gdd_threshold,medium,nasa_power_gdd
rice,Maharashtra,latur,2022,251,258,192,24.6,85.6,118.2,22.2,0.758,7,192,4,20,2,4,2,0.7963,251,206.0,0.9562,gdd_threshold,medium,nasa_power_gdd
rice,Maharashtra,latur,2023,247,254,192,26.5,74.8,21.8,16.0,0.747,7,192,4,12,2,4,2,0.7963,247,206.0,0.9628,gdd_threshold,medium,nasa_power_gdd
rice,Maharashtra,latur,2024,249,256,193,25.8,79.7,32.4,17.2,0.76,7,193,4,16,2,4,2,0.7963,249,206.0,0.9558,gdd_threshold,medium,nasa_power_gdd
rice,Maharashtra,latur,2025,248,255,192,27.6,71.6,4.3,14.9,0.753,7,192,4,12,2,4,2,0.7963,248,207.0,0.9496,gdd_threshold,medium,nasa_power_gdd
cotton,Maharashtra,nashik,2015,212,219,155,29.4,64.6,33.2,10.8,0.5,6,155,17,51,3,5,3,2.5087,212,,,gdd_threshold,medium,nasa_power_gdd
cotton,Maharashtra,nashik,2016,211,218,156,30.6,62.3,2.2,16.3,0.5,6,156,17,68,3,5,3,2.5087,211,,,gdd_threshold,medium,nasa_power_gdd
cotton,Maharashtra,nashik,2017,214,221,155,27.2,79.2,76.6,12.5,0.5,6,155,17,85,3,5,3,2.5087,214,,,gdd_threshold,medium,nasa_power_gdd
cotton,Maharashtra,nashik,2018,213,220,155,28.3,74.9,34.1,15.5,0.884,6,155,17,85,3,5,3,2.5087,213,184.0,0.967,gdd_threshold,medium,nasa_power_gdd
cotton,Maharashtra,nashik,2019,209,216,155,30.4,59.5,20.8,12.7,0.882,6,155,17,85,3,5,3,2.5087,209,184.0,0.9599,gdd_threshold,medium,nasa_power_gdd
cotton,Maharashtra,nashik,2020,215,222,156,25.3,79.9,74.3,11.3,0.903,6,156,17,68,3,5,3,2.5087,215,185.0,0.972,gdd_threshold,medium,nasa_power_gdd
cotton,Maharashtra,nashik,2021,214,221,155,26.4,82.4,71.5,11.8,0.891,6,155,17,51,3,5,3,2.5087,214,183.0,0.9741,gdd_threshold,medium,nasa_power_gdd
cotton,Maharashtra,nashik,2022,213,220,155,29.4,62.7,10.0,14.9,0.881,6,155,17,85,3,5,3,2.5087,213,183.0,0.9556,gdd_threshold,medium,nasa_power_gdd
cotton,Maharashtra,nashik,2023,210,217,155,29.7,64.3,5.2,12.6,0.897,6,155,17,68,3,5,3,2.5087,210,185.0,0.9708,gdd_threshold,medium,nasa_power_gdd
cotton,Maharashtra,nashik,2024,212,219,156,28.8,72.2,51.8,11.0,0.892,6,156,17,68,3,5,3,2.5087,212,185.0,0.9579,gdd_threshold,medium,nasa_power_gdd
cotton,Maharashtra,nashik,2025,215,222,155,26.9,80.1,28.6,11.1,0.899,6,155,17,68,3,5,3,2.5087,215,183.0,0.9722,gdd_threshold,medium,nasa_power_gdd
cotton,Maharashtra,pune,2015,227,234,165,24.8,84.3,177.5,16.9,0.5,6,165,376,1880,3,5,3,5.1714,227,,,gdd_threshold,medium,nasa_power_gdd
cotton,Maharashtra,pune,2016,230,237,166,27.0,77.0,32.1,16.5,0.5,6,166,376,1128,3,5,3,5.1714,230,,,gdd_threshold,medium,nasa_power_gdd
cotton,Maharashtra,pune,2017,227,234,165,25.8,84.2,63.8,10.5,0.5,6,165,376,1128,3,5,3,5.1714,227,,,gdd_threshold,medium,nasa_power_gdd
cotton,Maharashtra,pune,2018,229,236,165,26.7,82.2,56.8,15.0,0.861,6,165,376,1504,3,5,3,5.1714,229,186.0,0.9611,gdd_threshold,medium,nasa_power_gdd
cotton,Maharashtra,pune,2019,227,234,165,27.1,77.1,44.3,15.8,0.841,6,165,376,1504,3,5,3,5.1714,227,184.0,0.9633,gdd_threshold,medium,nasa_power_gdd
cotton,Maharashtra,pune,2020,228,235,166,25.8,87.7,106.4,12.6,0.835,6,166,376,1128,3,5,3,5.1714,228,184.0,0.9547,gdd_threshold,medium,nasa_power_gdd
cotton,Maharashtra,pune,2021,229,236,165,25.3,89.3,218.3,18.4,0.843,6,165,376,1128,3,5,3,5.1714,229,184.0,0.9631,gdd_threshold,medium,nasa_power_gdd
cotton,Maharashtra,pune,2022,229,236,165,26.9,76.2,40.4,14.1,0.849,6,165,376,1504,3,5,3,5.1714,229,186.0,0.9582,gdd_threshold,medium,nasa_power_gdd
cotton,Maharashtra,pune,2023,227,234,165,28.0,74.4,10.8,18.6,0.856,6,165,376,1504,3,5,3,5.1714,227,186.0,0.9514,gdd_threshold,medium,nasa_power_gdd
cotton,Maharashtra,pune,2024,228,235,166,26.0,84.0,62.3,12.2,0.88,6,166,376,1128,3,5,3,5.1714,228,186.0,0.9735,gdd_threshold,medium,nasa_power_gdd
cotton,Maharashtra,pune,2025,229,236,165,25.4,90.1,254.3,19.8,0.854,6,165,376,1128,3,5,3,5.1714,229,185.0,0.9338,gdd_threshold,medium,nasa_power_gdd
cotton,Maharashtra,solapur,2015,216,223,170,28.1,68.3,12.7,27.2,0.5,6,170,5,20,3,5,3,1.5607,216,,,gdd_threshold,medium,nasa_power_gdd
cotton,Maharashtra,solapur,2016,224,231,171,27.5,71.8,23.9,14.1,0.5,6,171,5,15,3,5,3,1.5607,224,,,gdd_threshold,medium,nasa_power_gdd
cotton,Maharashtra,solapur,2017,219,226,170,28.9,68.5,4.3,16.5,0.5,6,170,5,25,3,5,3,1.5607,219,,,gdd_threshold,medium,nasa_power_gdd
cotton,Maharashtra,solapur,2018,222,229,170,27.5,71.7,27.4,14.7,0.696,6,170,5,25,3,5,3,1.5607,222,184.0,0.9456,gdd_threshold,medium,nasa_power_gdd
cotton,Maharashtra,solapur,2019,220,227,170,29.2,66.6,41.6,13.2,0.7,6,170,5,20,3,5,3,1.5607,220,184.0,0.9657,gdd_threshold,medium,nasa_power_gdd
cotton,Maharashtra,solapur,2020,224,231,171,28.2,71.0,24.8,13.0,0.704,6,171,5,15,3,5,3,1.5607,224,185.0,0.9697,gdd_threshold,medium,nasa_power_gdd
cotton,Maharashtra,solapur,2021,222,229,170,27.8,70.3,6.3,16.3,0.694,6,170,5,25,3,5,3,1.5607,222,183.0,0.96,gdd_threshold,medium,nasa_power_gdd
cotton,Maharashtra,solapur,2022,224,231,170,28.3,68.0,63.2,13.6,0.709,6,170,5,15,3,5,3,1.5607,224,185.0,0.9605,gdd_threshold,medium,nasa_power_gdd
cotton,Maharashtra,solapur,2023,221,228,170,31.0,54.3,28.8,17.3,0.684,6,170,5,15,3,5,3,1.5607,221,182.0,0.9551,gdd_threshold,medium,nasa_power_gdd
cotton,Maharashtra,solapur,2024,224,231,171,27.5,76.4,26.2,13.6,0.698,6,171,5,20,3,5,3,1.5607,224,187.0,0.9588,gdd_threshold,medium,nasa_power_gdd
cotton,Maharashtra,solapur,2025,222,229,170,27.5,74.7,8.8,21.5,0.718,6,170,5,20,3,5,3,1.5607,222,186.0,0.9663,gdd_threshold,medium,nasa_power_gdd
cotton,Maharashtra,aurangabad,2015,217,224,165,26.5,79.1,119.4,12.1,0.5,6,165,38,152,3,5,3,3.5757,217,,,gdd_threshold,medium,nasa_power_gdd
cotton,Maharashtra,aurangabad,2016,220,227,166,30.4,58.2,37.0,16.8,0.5,6,166,38,152,3,5,3,3.5757,220,,,gdd_threshold,medium,nasa_power_gdd
cotton,Maharashtra,aurangabad,2017,216,223,165,28.6,72.8,50.2,11.4,0.5,6,165,38,190,3,5,3,3.5757,216,,,gdd_threshold,medium,nasa_power_gdd
cotton,Maharashtra,aurangabad,2018,218,225,165,30.3,57.5,15.0,14.6,0.755,6,165,38,190,3,5,3,3.5757,218,184.0,0.9691,gdd_threshold,medium,nasa_power_gdd
cotton,Maharashtra,aurangabad,2019,215,222,165,31.8,48.6,2.2,17.5,0.757,6,165,38,114,3,5,3,3.5757,215,186.0,0.9621,gdd_threshold,medium,nasa_power_gdd
cotton,Maharashtra,aurangabad,2020,220,227,166,27.8,78.1,69.0,9.6,0.757,6,166,38,152,3,5,3,3.5757,220,185.0,0.961,gdd_threshold,medium,nasa_power_gdd
cotton,Maharashtra,aurangabad,2021,217,224,165,28.2,72.8,19.1,16.5,0.726,6,165,38,152,3,5,3,3.5757,217,181.0,0.9591,gdd_threshold,medium,nasa_power_gdd
cotton,Maharashtra,aurangabad,2022,221,228,165,28.3,67.7,17.2,10.4,0.752,6,165,38,190,3,5,3,3.5757,221,185.0,0.9631,gdd_threshold,medium,nasa_power_gdd
cotton,Maharashtra,aurangabad,2023,216,223,165,31.8,51.0,0.1,20.6,0.756,6,165,38,152,3,5,3,3.5757,216,186.0,0.9611,gdd_threshold,medium,nasa_power_gdd
cotton,Maharashtra,aurangabad,2024,219,226,166,28.2,73.3,21.3,11.2,0.745,6,166,38,114,3,5,3,3.5757,219,184.0,0.9587,gdd_threshold,medium,nasa_power_gdd
cotton,Maharashtra,aurangabad,2025,218,225,165,28.2,75.0,18.1,16.5,0.754,6,165,38,190,3,5,3,3.5757,218,185.0,0.9509,gdd_threshold,medium,nasa_power_gdd
cotton,Maharashtra,nagpur,2015,207,214,160,32.4,56.6,96.5,8.8,0.5,6,160,36,180,3,5,3,3.5317,207,,,gdd_threshold,medium,nasa_power_gdd
cotton,Maharashtra,nagpur,2016,206,213,161,35.3,41.9,11.6,13.1,0.5,6,161,36,144,3,5,3,3.5317,206,,,gdd_threshold,medium,nasa_power_gdd
cotton,Maharashtra,nagpur,2017,205,212,160,31.8,63.1,37.4,9.8,0.5,6,160,36,180,3,5,3,3.5317,205,,,gdd_threshold,medium,nasa_power_gdd
cotton,Maharashtra,nagpur,2018,208,215,160,30.7,69.0,73.1,13.0,0.886,6,160,36,108,3,5,3,3.5317,208,184.0,0.962,gdd_threshold,medium,nasa_power_gdd
cotton,Maharashtra,nagpur,2019,200,207,160,37.7,33.1,7.0,12.3,0.894,6,160,36,144,3,5,3,3.5317,200,183.0,0.959,gdd_threshold,medium,nasa_power_gdd
cotton,Maharashtra,nagpur,2020,208,215,161,30.8,68.1,73.6,6.8,0.883,6,161,36,180,3,5,3,3.5317,208,187.0,0.9566,gdd_threshold,medium,nasa_power_gdd
cotton,Maharashtra,nagpur,2021,208,215,160,29.4,78.5,100.4,12.3,0.895,6,160,36,180,3,5,3,3.5317,208,184.0,0.9606,gdd_threshold,medium,nasa_power_gdd
cotton,Maharashtra,nagpur,2022,206,213,160,35.3,43.1,14.0,12.2,0.887,6,160,36,180,3,5,3,3.5317,206,184.0,0.966,gdd_threshold,medium,nasa_power_gdd
cotton,Maharashtra,nagpur,2023,201,208,160,37.5,29.0,1.0,13.2,0.884,6,160,36,108,3,5,3,3.5317,201,182.0,0.9571,gdd_threshold,medium,nasa_power_gdd
cotton,Maharashtra,nagpur,2024,204,211,161,35.0,45.2,10.2,8.9,0.907,6,161,36,144,3,5,3,3.5317,204,188.0,0.966,gdd_threshold,medium,nasa_power_gdd
cotton,Maharashtra,nagpur,2025,207,214,160,33.4,53.7,17.7,9.8,0.905,6,160,36,144,3,5,3,3.5317,207,184.0,0.9608,gdd_threshold,medium,nasa_power_gdd
cotton,Maharashtra,amravati,2015,209,216,160,30.7,62.6,87.6,12.2,0.5,6,160,6,18,3,5,3,1.3,209,,,gdd_threshold,medium,nasa_power_gdd
cotton,Maharashtra,amravati,2016,209,216,161,33.8,45.0,5.4,18.1,0.5,6,161,6,30,3,5,3,1.3,209,,,gdd_threshold,medium,nasa_power_gdd
cotton,Maharashtra,amravati,2017,207,214,160,30.3,66.9,34.2,10.9,0.5,6,160,6,30,3,5,3,1.3,207,,,gdd_threshold,medium,nasa_power_gdd
cotton,Maharashtra,amravati,2018,210,217,160,30.6,64.0,51.2,16.7,0.86,6,160,6,24,3,5,3,1.3,210,184.0,0.9464,gdd_threshold,medium,nasa_power_gdd
cotton,Maharashtra,amravati,2019,202,209,160,35.9,36.9,2.0,13.3,0.843,6,160,6,30,3,5,3,1.3,202,183.0,0.9652,gdd_threshold,medium,nasa_power_gdd
cotton,Maharashtra,amravati,2020,209,216,161,29.7,69.1,61.8,9.4,0.86,6,161,6,24,3,5,3,1.3,209,187.0,0.9598,gdd_threshold,medium,nasa_power_gdd
cotton,Maharashtra,amravati,2021,209,216,160,28.7,77.0,118.2,14.6,0.857,6,160,6,30,3,5,3,1.3,209,186.0,0.9674,gdd_threshold,medium,nasa_power_gdd
cotton,Maharashtra,amravati,2022,210,217,160,32.0,54.4,32.2,13.1,0.834,6,160,6,30,3,5,3,1.3,210,184.0,0.9608,gdd_threshold,medium,nasa_power_gdd
cotton,Maharashtra,amravati,2023,203,210,160,35.6,34.9,2.2,14.8,0.836,6,160,6,30,3,5,3,1.3,203,183.0,0.9595,gdd_threshold,medium,nasa_power_gdd
cotton,Maharashtra,amravati,2024,208,215,161,32.0,58.9,35.7,12.3,0.846,6,161,6,24,3,5,3,1.3,208,184.0,0.9661,gdd_threshold,medium,nasa_power_gdd
cotton,Maharashtra,amravati,2025,209,216,160,32.5,57.8,20.4,11.7,0.837,6,160,6,30,3,5,3,1.3,209,183.0,0.9623,gdd_threshold,medium,nasa_power_gdd
cotton,Maharashtra,kolhapur,2015,214,221,155,27.8,73.0,27.7,10.3,0.5,6,155,12,48,3,5,3,1.8173,214,,,gdd_threshold,medium,nasa_power_gdd
cotton,Maharashtra,kolhapur,2016,220,227,156,26.6,81.2,108.2,11.9,0.5,6,156,12,48,3,5,3,1.8173,220,,,gdd_threshold,medium,nasa_power_gdd
cotton,Maharashtra,kolhapur,2017,215,222,155,26.6,76.8,35.8,15.5,0.5,6,155,12,60,3,5,3,1.8173,215,,,gdd_threshold,medium,nasa_power_gdd
cotton,Maharashtra,kolhapur,2018,218,225,155,25.7,85.0,152.3,13.2,0.9,6,155,12,60,3,5,3,1.8173,218,181.0,0.954,gdd_threshold,medium,nasa_power_gdd
cotton,Maharashtra,kolhapur,2019,211,218,155,30.8,63.5,12.9,10.0,0.909,6,155,12,48,3,5,3,1.8173,211,186.0,0.9621,gdd_threshold,medium,nasa_power_gdd
cotton,Maharashtra,kolhapur,2020,218,225,156,26.1,78.8,36.8,14.9,0.905,6,156,12,60,3,5,3,1.8173,218,184.0,0.9621,gdd_threshold,medium,nasa_power_gdd
cotton,Maharashtra,kolhapur,2021,219,226,155,25.4,83.6,48.5,11.7,0.904,6,155,12,48,3,5,3,1.8173,219,182.0,0.977,gdd_threshold,medium,nasa_power_gdd
cotton,Maharashtra,kolhapur,2022,216,223,155,27.0,76.7,17.6,10.6,0.907,6,155,12,60,3,5,3,1.8173,216,182.0,0.954,gdd_threshold,medium,nasa_power_gdd
cotton,Maharashtra,kolhapur,2023,212,219,155,29.1,68.1,11.6,13.1,0.902,6,155,12,60,3,5,3,1.8173,212,182.0,0.9664,gdd_threshold,medium,nasa_power_gdd
cotton,Maharashtra,kolhapur,2024,218,225,156,26.3,84.0,124.8,11.1,0.906,6,156,12,60,3,5,3,1.8173,218,184.0,0.9576,gdd_threshold,medium,nasa_power_gdd
cotton,Maharashtra,kolhapur,2025,218,225,155,25.5,85.3,39.1,11.4,0.903,6,155,12,36,3,5,3,1.8173,218,184.0,0.9422,gdd_threshold,medium,nasa_power_gdd
cotton,Maharashtra,satara,2015,220,227,160,25.7,82.7,86.8,12.0,0.5,6,160,28,84,3,5,3,2.7722,220,,,gdd_threshold,medium,nasa_power_gdd
cotton,Maharashtra,satara,2016,224,231,161,26.5,83.4,77.4,13.5,0.5,6,161,28,84,3,5,3,2.7722,224,,,gdd_threshold,medium,nasa_power_gdd
cotton,Maharashtra,satara,2017,221,228,160,25.4,85.5,112.6,10.8,0.5,6,160,28,84,3,5,3,2.7722,221,,,gdd_threshold,medium,nasa_power_gdd
cotton,Maharashtra,satara,2018,223,230,160,26.5,86.9,95.4,17.0,0.892,6,160,28,140,3,5,3,2.7722,223,185.0,0.9625,gdd_threshold,medium,nasa_power_gdd
cotton,Maharashtra,satara,2019,218,225,160,28.4,76.2,86.2,13.8,0.899,6,160,28,84,3,5,3,2.7722,218,186.0,0.9637,gdd_threshold,medium,nasa_power_gdd
cotton,Maharashtra,satara,2020,222,229,161,25.3,87.2,97.3,13.0,0.897,6,161,28,84,3,5,3,2.7722,222,185.0,0.9673,gdd_threshold,medium,nasa_power_gdd
cotton,Maharashtra,satara,2021,223,230,160,25.5,89.4,156.8,15.3,0.89,6,160,28,140,3,5,3,2.7722,223,185.0,0.9559,gdd_threshold,medium,nasa_power_gdd
cotton,Maharashtra,satara,2022,221,228,160,27.0,78.0,47.5,10.9,0.891,6,160,28,140,3,5,3,2.7722,221,186.0,0.9575,gdd_threshold,medium,nasa_power_gdd
cotton,Maharashtra,satara,2023,219,226,160,28.4,73.1,23.8,16.4,0.895,6,160,28,84,3,5,3,2.7722,219,184.0,0.9592,gdd_threshold,medium,nasa_power_gdd
cotton,Maharashtra,satara,2024,221,228,161,26.0,86.2,108.9,11.2,0.903,6,161,28,140,3,5,3,2.7722,221,185.0,0.9741,gdd_threshold,medium,nasa_power_gdd
cotton,Maharashtra,satara,2025,222,229,160,25.8,90.1,152.5,12.8,0.889,6,160,28,140,3,5,3,2.7722,222,184.0,0.9634,gdd_threshold,medium,nasa_power_gdd
cotton,Maharashtra,jalgaon,2015,219,226,170,28.4,78.0,46.6,14.6,0.5,6,170,147,441,3,5,3,4.4219,219,,,gdd_threshold,medium,nasa_power_gdd
cotton,Maharashtra,jalgaon,2016,222,229,171,29.4,73.3,62.8,8.4,0.5,6,171,147,735,3,5,3,4.4219,222,,,gdd_threshold,medium,nasa_power_gdd
cotton,Maharashtra,jalgaon,2017,219,226,170,30.1,68.0,17.1,13.6,0.5,6,170,147,441,3,5,3,4.4219,219,,,gdd_threshold,medium,nasa_power_gdd
cotton,Maharashtra,jalgaon,2018,219,226,170,30.6,66.2,66.3,10.5,0.791,6,170,147,588,3,5,3,4.4219,219,182.0,0.964,gdd_threshold,medium,nasa_power_gdd
cotton,Maharashtra,jalgaon,2019,218,225,170,32.4,55.9,35.1,12.2,0.776,6,170,147,735,3,5,3,4.4219,218,182.0,0.9629,gdd_threshold,medium,nasa_power_gdd
cotton,Maharashtra,jalgaon,2020,219,226,171,29.5,72.7,11.0,9.2,0.785,6,171,147,441,3,5,3,4.4219,219,185.0,0.9601,gdd_threshold,medium,nasa_power_gdd
cotton,Maharashtra,jalgaon,2021,217,224,170,28.8,70.3,28.6,16.0,0.819,6,170,147,588,3,5,3,4.4219,217,187.0,0.942,gdd_threshold,medium,nasa_power_gdd
cotton,Maharashtra,jalgaon,2022,222,229,170,28.9,73.9,67.1,9.1,0.78,6,170,147,441,3,5,3,4.4219,222,185.0,0.964,gdd_threshold,medium,nasa_power_gdd
cotton,Maharashtra,jalgaon,2023,218,225,170,32.3,52.0,5.5,16.0,0.822,6,170,147,588,3,5,3,4.4219,218,184.0,0.9543,gdd_threshold,medium,nasa_power_gdd
cotton,Maharashtra,jalgaon,2024,220,227,171,30.1,71.5,45.2,9.4,0.78,6,171,147,441,3,5,3,4.4219,220,185.0,0.9442,gdd_threshold,medium,nasa_power_gdd
cotton,Maharashtra,jalgaon,2025,219,226,170,28.7,73.3,30.1,16.7,0.819,6,170,147,735,3,5,3,4.4219,219,183.0,0.9644,gdd_threshold,medium,nasa_power_gdd
cotton,Maharashtra,latur,2015,219,226,170,27.2,72.4,12.2,25.0,0.5,6,170,4,16,3,5,3,0.7963,219,,,gdd_threshold,medium,nasa_power_gdd
cotton,Maharashtra,latur,2016,227,234,171,27.4,72.1,40.7,11.5,0.5,6,171,4,12,3,5,3,0.7963,227,,,gdd_threshold,medium,nasa_power_gdd
cotton,Maharashtra,latur,2017,222,229,170,28.3,69.0,6.7,16.2,0.5,6,170,4,20,3,5,3,0.7963,222,,,gdd_threshold,medium,nasa_power_gdd
cotton,Maharashtra,latur,2018,224,231,170,27.3,73.6,40.9,11.3,0.753,6,170,4,16,3,5,3,0.7963,224,185.0,0.9613,gdd_threshold,medium,nasa_power_gdd
cotton,Maharashtra,latur,2019,222,229,170,29.4,62.2,36.9,11.6,0.75,6,170,4,20,3,5,3,0.7963,222,183.0,0.9588,gdd_threshold,medium,nasa_power_gdd
cotton,Maharashtra,latur,2020,227,234,171,27.4,73.9,20.4,11.2,0.775,6,171,4,12,3,5,3,0.7963,227,186.0,0.9689,gdd_threshold,medium,nasa_power_gdd
cotton,Maharashtra,latur,2021,225,232,170,26.9,71.8,7.6,16.2,0.758,6,170,4,12,3,5,3,0.7963,225,186.0,0.9491,gdd_threshold,medium,nasa_power_gdd
cotton,Maharashtra,latur,2022,229,236,170,27.1,73.4,86.3,11.0,0.756,6,170,4,12,3,5,3,0.7963,229,184.0,0.9592,gdd_threshold,medium,nasa_power_gdd
cotton,Maharashtra,latur,2023,224,231,170,30.5,52.9,19.4,15.8,0.75,6,170,4,12,3,5,3,0.7963,224,185.0,0.9652,gdd_threshold,medium,nasa_power_gdd
cotton,Maharashtra,latur,2024,226,233,171,27.0,77.2,29.4,13.2,0.759,6,171,4,12,3,5,3,0.7963,226,185.0,0.9584,gdd_threshold,medium,nasa_power_gdd
cotton,Maharashtra,latur,2025,224,231,170,27.5,72.9,15.4,22.2,0.756,6,170,4,12,3,5,3,0.7963,224,185.0,0.9533,gdd_threshold,medium,nasa_power_gdd
